,Unnamed: 0,individual_id,taxon_canonical_name,study_id,timestamp,location_lat,location_long,sex,common_name,wiki_url
126906,126906,927032850,Anas acuta,927024278,2007-02-13 04:03:03.000,38.74800000000001,141.217,f,northern pintail,https://en.wikipedia.org/wiki/Northern_pintail
126907,126907,927032850,Anas acuta,927024278,2007-02-13 05:26:06.000,38.731,141.093,f,northern pintail,https://en.wikipedia.org/wiki/Northern_pintail
126908,126908,927032850,Anas acuta,927024278,2007-02-13 06:50:53.000,38.724000000000004,141.111,f,northern pintail,https://en.wikipedia.org/wiki/Northern_pintail
126909,126909,927032850,Anas acuta,927024278,2007-02-13 08:31:41.000,38.728,141.088,f,northern pintail,https://en.wikipedia.org/wiki/Northern_pintail
126910,126910,927032850,Anas acuta,927024278,2007-02-13 10:17:24.000,38.687,141.162,f,northern pintail,https://en.wikipedia.org/wiki/Northern_pintail
126911,126911,927032850,Anas acuta,927024278,2007-02-14 11:30:12.000,38.713,141.05100000000004,f,northern pintail,https://en.wikipedia.org/wiki/Northern_pintail
126912,126912,927032850,Anas acuta,927024278,2007-02-14 12:08:05.000,38.718,141.089,f,northern pintail,https://en.wikipedia.org/wiki/Northern_pintail
126913,126913,927032850,Anas acuta,927024278,2007-02-14 13:13:07.000,38.727,140.989,f,northern pintail,https://en.wikipedia.org/wiki/Northern_pintail
126914,126914,927032850,Anas acuta,927024278,2007-02-14 14:38:58.000,38.602,141.03,f,northern pintail,https://en.wikipedia.org/wiki/Northern_pintail
126915,126915,927032850,Anas acuta,927024278,2007-02-14 16:21:10.000,38.717,140.86700000000005,f,northern pintail,https://en.wikipedia.org/wiki/Northern_pintail
126916,126916,927032850,Anas acuta,927024278,2007-02-14 17:41:38.000,38.708,141.069,f,northern pintail,https://en.wikipedia.org/wiki/Northern_pintail
126917,126917,927032850,Anas acuta,927024278,2007-02-15 17:29:21.000,38.705,141.02100000000004,f,northern pintail,https://en.wikipedia.org/wiki/Northern_pintail
126918,126918,927032850,Anas acuta,927024278,2007-02-15 18:23:35.000,38.674,141.11700000000005,f,northern pintail,https://en.wikipedia.org/wiki/Northern_pintail
126919,126919,927032850,Anas acuta,927024278,2007-02-15 19:06:33.000,38.719,141.049,f,northern pintail,https://en.wikipedia.org/wiki/Northern_pintail
126920,126920,927032850,Anas acuta,927024278,2007-02-15 20:02:01.000,38.721,141.086,f,northern pintail,https://en.wikipedia.org/wiki/Northern_pintail
126921,126921,927032850,Anas acuta,927024278,2007-02-15 20:03:25.000,38.705999999999996,141.12,f,northern pintail,https://en.wikipedia.org/wiki/Northern_pintail
126922,126922,927032850,Anas acuta,927024278,2007-02-16 01:10:23.000,38.724000000000004,141.02,f,northern pintail,https://en.wikipedia.org/wiki/Northern_pintail
126923,126923,927032850,Anas acuta,927024278,2007-02-16 01:53:27.000,38.718,141.05,f,northern pintail,https://en.wikipedia.org/wiki/Northern_pintail
126924,126924,927032850,Anas acuta,927024278,2007-02-17 02:23:13.000,38.711999999999996,141.122,f,northern pintail,https://en.wikipedia.org/wiki/Northern_pintail
126925,126925,927032850,Anas acuta,927024278,2007-02-17 04:39:42.000,38.72,141.084,f,northern pintail,https://en.wikipedia.org/wiki/Northern_pintail
126926,126926,927032850,Anas acuta,927024278,2007-02-17 06:54:51.000,38.711,141.112,f,northern pintail,https://en.wikipedia.org/wiki/Northern_pintail
126927,126927,927032850,Anas acuta,927024278,2007-02-17 06:59:03.000,38.711,141.085,f,northern pintail,https://en.wikipedia.org/wiki/Northern_pintail
126928,126928,927032850,Anas acuta,927024278,2007-02-17 10:23:36.000,38.66,141.013,f,northern pintail,https://en.wikipedia.org/wiki/Northern_pintail
126929,126929,927032850,Anas acuta,927024278,2007-02-18 11:15:22.000,38.716,141.071,f,northern pintail,https://en.wikipedia.org/wiki/Northern_pintail
126930,126930,927032850,Anas acuta,927024278,2007-02-18 11:40:27.000,38.715,141.07399999999996,f,northern pintail,https://en.wikipedia.org/wiki/Northern_pintail
126931,126931,927032850,Anas acuta,927024278,2007-02-18 13:22:35.000,38.705,141.095,f,northern pintail,https://en.wikipedia.org/wiki/Northern_pintail
126932,126932,927032850,Anas acuta,927024278,2007-02-18 15:39:36.000,38.716,141.072,f,northern pintail,https://en.wikipedia.org/wiki/Northern_pintail
126933,126933,927032850,Anas acuta,927024278,2007-02-18 17:20:23.000,38.717,141.017,f,northern pintail,https://en.wikipedia.org/wiki/Northern_pintail
126934,126934,927032850,Anas acuta,927024278,2007-02-18 18:36:02.000,38.727,141.055,f,northern pintail,https://en.wikipedia.org/wiki/Northern_pintail
126935,126935,927032850,Anas acuta,927024278,2007-02-18 18:53:23.000,38.731,141.118,f,northern pintail,https://en.wikipedia.org/wiki/Northern_pintail
126936,126936,927032850,Anas acuta,927024278,2007-02-19 18:26:24.000,38.37300000000001,142.471,f,northern pintail,https://en.wikipedia.org/wiki/Northern_pintail
126937,126937,927032850,Anas acuta,927024278,2007-02-19 18:29:14.000,38.747,141.118,f,northern pintail,https://en.wikipedia.org/wiki/Northern_pintail
126938,126938,927032850,Anas acuta,927024278,2007-02-19 20:03:23.000,38.719,141.064,f,northern pintail,https://en.wikipedia.org/wiki/Northern_pintail
126939,126939,927032850,Anas acuta,927024278,2007-02-19 20:10:26.000,38.714,141.06799999999996,f,northern pintail,https://en.wikipedia.org/wiki/Northern_pintail
126940,126940,927032850,Anas acuta,927024278,2007-02-19 21:46:51.000,38.713,141.066,f,northern pintail,https://en.wikipedia.org/wiki/Northern_pintail
126941,126941,927032850,Anas acuta,927024278,2007-02-19 23:37:54.000,38.699,141.079,f,northern pintail,https://en.wikipedia.org/wiki/Northern_pintail
126942,126942,927032850,Anas acuta,927024278,2007-02-20 02:51:00.000,38.713,141.093,f,northern pintail,https://en.wikipedia.org/wiki/Northern_pintail
126943,126943,927032850,Anas acuta,927024278,2007-02-21 04:25:02.000,38.68,141.09,f,northern pintail,https://en.wikipedia.org/wiki/Northern_pintail
126944,126944,927032850,Anas acuta,927024278,2007-02-21 05:32:22.000,38.732,141.188,f,northern pintail,https://en.wikipedia.org/wiki/Northern_pintail
126945,126945,927032850,Anas acuta,927024278,2007-02-21 07:00:56.000,38.71,141.053,f,northern pintail,https://en.wikipedia.org/wiki/Northern_pintail
126946,126946,927032850,Anas acuta,927024278,2007-02-21 10:31:17.000,38.746,141.08100000000005,f,northern pintail,https://en.wikipedia.org/wiki/Northern_pintail
126947,126947,927032850,Anas acuta,927024278,2007-02-21 12:11:07.000,38.722,141.07299999999995,f,northern pintail,https://en.wikipedia.org/wiki/Northern_pintail
126948,126948,927032850,Anas acuta,927024278,2007-02-22 12:04:11.000,38.704,141.061,f,northern pintail,https://en.wikipedia.org/wiki/Northern_pintail
126949,126949,927032850,Anas acuta,927024278,2007-02-22 14:56:06.000,38.702,141.075,f,northern pintail,https://en.wikipedia.org/wiki/Northern_pintail
126950,126950,927032850,Anas acuta,927024278,2007-02-22 16:37:38.000,38.716,141.066,f,northern pintail,https://en.wikipedia.org/wiki/Northern_pintail
126951,126951,927032850,Anas acuta,927024278,2007-02-22 17:48:20.000,38.707,141.07399999999996,f,northern pintail,https://en.wikipedia.org/wiki/Northern_pintail
126952,126952,927032850,Anas acuta,927024278,2007-02-22 18:56:38.000,38.704,141.077,f,northern pintail,https://en.wikipedia.org/wiki/Northern_pintail
126953,126953,927032850,Anas acuta,927024278,2007-02-22 19:31:02.000,38.714,141.08700000000005,f,northern pintail,https://en.wikipedia.org/wiki/Northern_pintail
126954,126954,927032850,Anas acuta,927024278,2007-02-22 20:37:11.000,38.714,141.08,f,northern pintail,https://en.wikipedia.org/wiki/Northern_pintail
126955,126955,927032850,Anas acuta,927024278,2007-02-23 20:14:18.000,38.719,141.05,f,northern pintail,https://en.wikipedia.org/wiki/Northern_pintail
126956,126956,927032850,Anas acuta,927024278,2007-02-24 01:24:56.000,38.51,141.458,f,northern pintail,https://en.wikipedia.org/wiki/Northern_pintail
126957,126957,927032850,Anas acuta,927024278,2007-02-24 01:53:08.000,38.61,141.047,f,northern pintail,https://en.wikipedia.org/wiki/Northern_pintail
126958,126958,927032850,Anas acuta,927024278,2007-02-24 02:10:54.000,38.85,141.266,f,northern pintail,https://en.wikipedia.org/wiki/Northern_pintail
126959,126959,927032850,Anas acuta,927024278,2007-02-24 03:52:57.000,38.711,141.108,f,northern pintail,https://en.wikipedia.org/wiki/Northern_pintail
126960,126960,927032850,Anas acuta,927024278,2007-02-24 04:58:56.000,38.691,141.162,f,northern pintail,https://en.wikipedia.org/wiki/Northern_pintail
126961,126961,927032850,Anas acuta,927024278,2007-02-25 04:45:05.000,38.741,140.79399999999995,f,northern pintail,https://en.wikipedia.org/wiki/Northern_pintail
126962,126962,927032850,Anas acuta,927024278,2007-02-25 06:30:39.000,38.72,141.10299999999995,f,northern pintail,https://en.wikipedia.org/wiki/Northern_pintail
126963,126963,927032850,Anas acuta,927024278,2007-02-25 07:04:11.000,38.815,140.842,f,northern pintail,https://en.wikipedia.org/wiki/Northern_pintail
126964,126964,927032850,Anas acuta,927024278,2007-02-25 10:39:41.000,38.733000000000004,141.09799999999996,f,northern pintail,https://en.wikipedia.org/wiki/Northern_pintail
126965,126965,927032850,Anas acuta,927024278,2007-02-26 13:35:46.000,38.746,140.94799999999995,f,northern pintail,https://en.wikipedia.org/wiki/Northern_pintail
126966,126966,927032850,Anas acuta,927024278,2007-02-26 16:00:27.000,38.708,141.07299999999995,f,northern pintail,https://en.wikipedia.org/wiki/Northern_pintail
126967,126967,927032850,Anas acuta,927024278,2007-02-26 16:58:48.000,38.798,141.123,f,northern pintail,https://en.wikipedia.org/wiki/Northern_pintail
126968,126968,927032850,Anas acuta,927024278,2007-02-26 17:34:28.000,38.694,141.097,f,northern pintail,https://en.wikipedia.org/wiki/Northern_pintail
126969,126969,927032850,Anas acuta,927024278,2007-02-26 18:39:28.000,38.703,141.237,f,northern pintail,https://en.wikipedia.org/wiki/Northern_pintail
126970,126970,927032850,Anas acuta,927024278,2007-02-26 18:46:47.000,38.702,140.999,f,northern pintail,https://en.wikipedia.org/wiki/Northern_pintail
126971,126971,927032850,Anas acuta,927024278,2007-02-26 19:01:29.000,38.662,141.153,f,northern pintail,https://en.wikipedia.org/wiki/Northern_pintail
126972,126972,927032850,Anas acuta,927024278,2007-02-26 20:30:40.000,38.725,141.02100000000004,f,northern pintail,https://en.wikipedia.org/wiki/Northern_pintail
126973,126973,927032850,Anas acuta,927024278,2007-02-26 20:40:42.000,38.718,141.072,f,northern pintail,https://en.wikipedia.org/wiki/Northern_pintail
126974,126974,927032850,Anas acuta,927024278,2007-02-27 23:20:39.000,38.705,141.067,f,northern pintail,https://en.wikipedia.org/wiki/Northern_pintail
126975,126975,927032850,Anas acuta,927024278,2007-02-27 23:51:01.000,38.711999999999996,141.08700000000005,f,northern pintail,https://en.wikipedia.org/wiki/Northern_pintail
126976,126976,927032850,Anas acuta,927024278,2007-02-28 01:02:41.000,38.725,141.056,f,northern pintail,https://en.wikipedia.org/wiki/Northern_pintail
126977,126977,927032850,Anas acuta,927024278,2007-02-28 01:32:54.000,38.703,141.062,f,northern pintail,https://en.wikipedia.org/wiki/Northern_pintail
126978,126978,927032850,Anas acuta,927024278,2007-02-28 03:08:08.000,38.653,141.30200000000005,f,northern pintail,https://en.wikipedia.org/wiki/Northern_pintail
126979,126979,927032850,Anas acuta,927024278,2007-02-28 04:52:00.000,38.711999999999996,141.09,f,northern pintail,https://en.wikipedia.org/wiki/Northern_pintail
126980,126980,927032850,Anas acuta,927024278,2007-02-28 05:54:33.000,38.694,140.922,f,northern pintail,https://en.wikipedia.org/wiki/Northern_pintail
126981,126981,927032850,Anas acuta,927024278,2007-02-28 07:37:26.000,38.699,140.928,f,northern pintail,https://en.wikipedia.org/wiki/Northern_pintail
126982,126982,927032850,Anas acuta,927024278,2007-03-01 10:33:13.000,38.691,140.91,f,northern pintail,https://en.wikipedia.org/wiki/Northern_pintail
126983,126983,927032850,Anas acuta,927024278,2007-03-01 10:47:52.000,38.684,141.06799999999996,f,northern pintail,https://en.wikipedia.org/wiki/Northern_pintail
126984,126984,927032850,Anas acuta,927024278,2007-03-01 12:13:02.000,38.742,141.08700000000005,f,northern pintail,https://en.wikipedia.org/wiki/Northern_pintail
126985,126985,927032850,Anas acuta,927024278,2007-03-01 12:28:12.000,38.711999999999996,141.00799999999995,f,northern pintail,https://en.wikipedia.org/wiki/Northern_pintail
126986,126986,927032850,Anas acuta,927024278,2007-03-01 15:25:15.000,38.695,141.102,f,northern pintail,https://en.wikipedia.org/wiki/Northern_pintail
126987,126987,927032850,Anas acuta,927024278,2007-03-02 16:57:02.000,38.714,141.064,f,northern pintail,https://en.wikipedia.org/wiki/Northern_pintail
126988,126988,927032850,Anas acuta,927024278,2007-03-02 17:56:39.000,38.718,141.07399999999996,f,northern pintail,https://en.wikipedia.org/wiki/Northern_pintail
126989,126989,927032850,Anas acuta,927024278,2007-03-02 19:06:11.000,38.716,141.10299999999995,f,northern pintail,https://en.wikipedia.org/wiki/Northern_pintail
126990,126990,927032850,Anas acuta,927024278,2007-03-03 00:26:55.000,38.515,141.625,f,northern pintail,https://en.wikipedia.org/wiki/Northern_pintail
126991,126991,927032850,Anas acuta,927024278,2007-03-04 01:41:17.000,39.907,140.984,f,northern pintail,https://en.wikipedia.org/wiki/Northern_pintail
126992,126992,927032850,Anas acuta,927024278,2007-03-04 04:12:25.000,39.928000000000004,141.00799999999995,f,northern pintail,https://en.wikipedia.org/wiki/Northern_pintail
126993,126993,927032850,Anas acuta,927024278,2007-03-04 05:04:12.000,39.931,140.862,f,northern pintail,https://en.wikipedia.org/wiki/Northern_pintail
126994,126994,927032850,Anas acuta,927024278,2007-03-04 06:46:37.000,39.900999999999996,140.889,f,northern pintail,https://en.wikipedia.org/wiki/Northern_pintail
126995,126995,927032850,Anas acuta,927024278,2007-03-04 07:41:54.000,39.912,140.982,f,northern pintail,https://en.wikipedia.org/wiki/Northern_pintail
126996,126996,927032850,Anas acuta,927024278,2007-03-05 09:41:27.000,40.959,141.35399999999996,f,northern pintail,https://en.wikipedia.org/wiki/Northern_pintail
126997,126997,927032850,Anas acuta,927024278,2007-03-05 10:54:05.000,40.949,141.359,f,northern pintail,https://en.wikipedia.org/wiki/Northern_pintail
126998,126998,927032850,Anas acuta,927024278,2007-03-05 12:36:34.000,40.963,141.35299999999995,f,northern pintail,https://en.wikipedia.org/wiki/Northern_pintail
126999,126999,927032850,Anas acuta,927024278,2007-03-05 13:02:10.000,40.949,141.373,f,northern pintail,https://en.wikipedia.org/wiki/Northern_pintail
127000,127000,927032850,Anas acuta,927024278,2007-03-05 14:41:33.000,40.925,141.398,f,northern pintail,https://en.wikipedia.org/wiki/Northern_pintail
127001,127001,927032850,Anas acuta,927024278,2007-03-05 16:23:39.000,40.961999999999996,141.379,f,northern pintail,https://en.wikipedia.org/wiki/Northern_pintail
127002,127002,927032850,Anas acuta,927024278,2007-03-06 16:15:27.000,40.96100000000001,141.373,f,northern pintail,https://en.wikipedia.org/wiki/Northern_pintail
127003,127003,927032850,Anas acuta,927024278,2007-03-06 17:05:25.000,40.965,141.387,f,northern pintail,https://en.wikipedia.org/wiki/Northern_pintail
127004,127004,927032850,Anas acuta,927024278,2007-03-06 17:55:18.000,40.965,141.366,f,northern pintail,https://en.wikipedia.org/wiki/Northern_pintail
127005,127005,927032850,Anas acuta,927024278,2007-03-06 18:48:06.000,40.965,141.35,f,northern pintail,https://en.wikipedia.org/wiki/Northern_pintail
127006,127006,927032850,Anas acuta,927024278,2007-03-06 19:11:17.000,40.96,141.37,f,northern pintail,https://en.wikipedia.org/wiki/Northern_pintail
127007,127007,927032850,Anas acuta,927024278,2007-03-06 20:51:52.000,40.933,141.428,f,northern pintail,https://en.wikipedia.org/wiki/Northern_pintail
127008,127008,927032850,Anas acuta,927024278,2007-03-06 23:29:57.000,40.995,141.361,f,northern pintail,https://en.wikipedia.org/wiki/Northern_pintail
127009,127009,927032850,Anas acuta,927024278,2007-03-07 00:33:10.000,40.983999999999995,141.273,f,northern pintail,https://en.wikipedia.org/wiki/Northern_pintail
127010,127010,927032850,Anas acuta,927024278,2007-03-07 01:12:17.000,41.151,140.47899999999998,f,northern pintail,https://en.wikipedia.org/wiki/Northern_pintail
127011,127011,927032850,Anas acuta,927024278,2007-03-08 01:48:44.000,40.971000000000004,141.343,f,northern pintail,https://en.wikipedia.org/wiki/Northern_pintail
127012,127012,927032850,Anas acuta,927024278,2007-03-08 01:50:49.000,40.949,141.358,f,northern pintail,https://en.wikipedia.org/wiki/Northern_pintail
127013,127013,927032850,Anas acuta,927024278,2007-03-08 03:28:51.000,40.977,141.464,f,northern pintail,https://en.wikipedia.org/wiki/Northern_pintail
127014,127014,927032850,Anas acuta,927024278,2007-03-08 04:22:14.000,40.964,141.365,f,northern pintail,https://en.wikipedia.org/wiki/Northern_pintail
127015,127015,927032850,Anas acuta,927024278,2007-03-08 05:44:47.000,41.01300000000001,141.415,f,northern pintail,https://en.wikipedia.org/wiki/Northern_pintail
127016,127016,927032850,Anas acuta,927024278,2007-03-08 06:01:50.000,41.008,141.47299999999996,f,northern pintail,https://en.wikipedia.org/wiki/Northern_pintail
127017,127017,927032850,Anas acuta,927024278,2007-03-08 06:05:38.000,40.972,141.352,f,northern pintail,https://en.wikipedia.org/wiki/Northern_pintail
127018,127018,927032850,Anas acuta,927024278,2007-03-08 07:42:51.000,41.023,141.553,f,northern pintail,https://en.wikipedia.org/wiki/Northern_pintail
127019,127019,927032850,Anas acuta,927024278,2007-03-09 12:42:08.000,40.955,141.387,f,northern pintail,https://en.wikipedia.org/wiki/Northern_pintail
127020,127020,927032850,Anas acuta,927024278,2007-03-09 15:43:20.000,40.963,141.436,f,northern pintail,https://en.wikipedia.org/wiki/Northern_pintail
127021,127021,927032850,Anas acuta,927024278,2007-03-09 18:12:57.000,40.946,141.46,f,northern pintail,https://en.wikipedia.org/wiki/Northern_pintail
127022,127022,927032850,Anas acuta,927024278,2007-03-10 17:58:58.000,40.952,141.372,f,northern pintail,https://en.wikipedia.org/wiki/Northern_pintail
127023,127023,927032850,Anas acuta,927024278,2007-03-10 19:15:44.000,40.952,141.38,f,northern pintail,https://en.wikipedia.org/wiki/Northern_pintail
127024,127024,927032850,Anas acuta,927024278,2007-03-10 19:41:44.000,40.96100000000001,141.373,f,northern pintail,https://en.wikipedia.org/wiki/Northern_pintail
127025,127025,927032850,Anas acuta,927024278,2007-03-10 20:55:24.000,40.963,141.371,f,northern pintail,https://en.wikipedia.org/wiki/Northern_pintail
127026,127026,927032850,Anas acuta,927024278,2007-03-11 02:55:05.000,40.977,141.685,f,northern pintail,https://en.wikipedia.org/wiki/Northern_pintail
127027,127027,927032850,Anas acuta,927024278,2007-03-12 02:45:05.000,40.997,141.336,f,northern pintail,https://en.wikipedia.org/wiki/Northern_pintail
127028,127028,927032850,Anas acuta,927024278,2007-03-12 03:34:43.000,40.993,141.364,f,northern pintail,https://en.wikipedia.org/wiki/Northern_pintail
127029,127029,927032850,Anas acuta,927024278,2007-03-12 04:32:07.000,40.911,141.128,f,northern pintail,https://en.wikipedia.org/wiki/Northern_pintail
127030,127030,927032850,Anas acuta,927024278,2007-03-12 05:14:12.000,40.957,141.368,f,northern pintail,https://en.wikipedia.org/wiki/Northern_pintail
127031,127031,927032850,Anas acuta,927024278,2007-03-12 05:45:45.000,40.927,141.329,f,northern pintail,https://en.wikipedia.org/wiki/Northern_pintail
127032,127032,927032850,Anas acuta,927024278,2007-03-12 06:12:10.000,40.951,141.371,f,northern pintail,https://en.wikipedia.org/wiki/Northern_pintail
127033,127033,927032850,Anas acuta,927024278,2007-03-12 06:55:44.000,40.958,141.371,f,northern pintail,https://en.wikipedia.org/wiki/Northern_pintail
127034,127034,927032850,Anas acuta,927024278,2007-03-12 09:50:34.000,40.937,141.378,f,northern pintail,https://en.wikipedia.org/wiki/Northern_pintail
127035,127035,927032850,Anas acuta,927024278,2007-03-13 11:10:58.000,40.954,141.361,f,northern pintail,https://en.wikipedia.org/wiki/Northern_pintail
127036,127036,927032850,Anas acuta,927024278,2007-03-13 12:52:18.000,40.966,141.376,f,northern pintail,https://en.wikipedia.org/wiki/Northern_pintail
127037,127037,927032850,Anas acuta,927024278,2007-03-13 12:58:25.000,40.971000000000004,141.312,f,northern pintail,https://en.wikipedia.org/wiki/Northern_pintail
127038,127038,927032850,Anas acuta,927024278,2007-03-13 15:02:59.000,40.93,141.365,f,northern pintail,https://en.wikipedia.org/wiki/Northern_pintail
127039,127039,927032850,Anas acuta,927024278,2007-03-13 16:44:16.000,41.13399999999999,140.47299999999998,f,northern pintail,https://en.wikipedia.org/wiki/Northern_pintail
127040,127040,927032850,Anas acuta,927024278,2007-03-13 17:24:37.000,40.97,141.404,f,northern pintail,https://en.wikipedia.org/wiki/Northern_pintail
127041,127041,927032850,Anas acuta,927024278,2007-03-13 19:18:50.000,40.94300000000001,141.35,f,northern pintail,https://en.wikipedia.org/wiki/Northern_pintail
127042,127042,927032850,Anas acuta,927024278,2007-03-13 19:41:47.000,40.99,141.34,f,northern pintail,https://en.wikipedia.org/wiki/Northern_pintail
127043,127043,927032850,Anas acuta,927024278,2007-03-14 18:55:00.000,40.993,141.31799999999996,f,northern pintail,https://en.wikipedia.org/wiki/Northern_pintail
127044,127044,927032850,Anas acuta,927024278,2007-03-14 23:03:43.000,40.897,141.39600000000004,f,northern pintail,https://en.wikipedia.org/wiki/Northern_pintail
127045,127045,927032850,Anas acuta,927024278,2007-03-14 23:28:28.000,40.900999999999996,141.54,f,northern pintail,https://en.wikipedia.org/wiki/Northern_pintail
127046,127046,927032850,Anas acuta,927024278,2007-03-15 03:57:13.000,40.959,141.358,f,northern pintail,https://en.wikipedia.org/wiki/Northern_pintail
127047,127047,927032850,Anas acuta,927024278,2007-03-16 05:47:10.000,40.954,141.34799999999996,f,northern pintail,https://en.wikipedia.org/wiki/Northern_pintail
127048,127048,927032850,Anas acuta,927024278,2007-03-16 06:08:58.000,40.918,141.35399999999996,f,northern pintail,https://en.wikipedia.org/wiki/Northern_pintail
127049,127049,927032850,Anas acuta,927024278,2007-03-16 06:14:48.000,40.981,141.481,f,northern pintail,https://en.wikipedia.org/wiki/Northern_pintail
127050,127050,927032850,Anas acuta,927024278,2007-03-16 07:54:49.000,40.964,141.37,f,northern pintail,https://en.wikipedia.org/wiki/Northern_pintail
127051,127051,927032850,Anas acuta,927024278,2007-03-16 10:04:05.000,40.964,141.368,f,northern pintail,https://en.wikipedia.org/wiki/Northern_pintail
127052,127052,927032850,Anas acuta,927024278,2007-03-16 11:40:52.000,40.954,141.37,f,northern pintail,https://en.wikipedia.org/wiki/Northern_pintail
127053,127053,927032850,Anas acuta,927024278,2007-03-16 12:21:50.000,40.97,141.398,f,northern pintail,https://en.wikipedia.org/wiki/Northern_pintail
127054,127054,927032850,Anas acuta,927024278,2007-03-17 12:59:33.000,40.952,141.358,f,northern pintail,https://en.wikipedia.org/wiki/Northern_pintail
127055,127055,927032850,Anas acuta,927024278,2007-03-17 16:04:24.000,40.961999999999996,141.377,f,northern pintail,https://en.wikipedia.org/wiki/Northern_pintail
127056,127056,927032850,Anas acuta,927024278,2007-03-17 17:42:39.000,40.964,141.368,f,northern pintail,https://en.wikipedia.org/wiki/Northern_pintail
127057,127057,927032850,Anas acuta,927024278,2007-03-17 19:21:25.000,40.957,141.39,f,northern pintail,https://en.wikipedia.org/wiki/Northern_pintail
127058,127058,927032850,Anas acuta,927024278,2007-03-17 19:49:10.000,40.963,141.418,f,northern pintail,https://en.wikipedia.org/wiki/Northern_pintail
127059,127059,927032850,Anas acuta,927024278,2007-03-17 19:59:41.000,40.96100000000001,141.374,f,northern pintail,https://en.wikipedia.org/wiki/Northern_pintail
127060,127060,927032850,Anas acuta,927024278,2007-03-18 23:12:49.000,40.904,141.38299999999995,f,northern pintail,https://en.wikipedia.org/wiki/Northern_pintail
127061,127061,927032850,Anas acuta,927024278,2007-03-19 00:16:23.000,40.977,141.405,f,northern pintail,https://en.wikipedia.org/wiki/Northern_pintail
127062,127062,927032850,Anas acuta,927024278,2007-03-19 00:53:43.000,40.958,141.352,f,northern pintail,https://en.wikipedia.org/wiki/Northern_pintail
127063,127063,927032850,Anas acuta,927024278,2007-03-19 01:56:31.000,40.964,141.411,f,northern pintail,https://en.wikipedia.org/wiki/Northern_pintail
127064,127064,927032850,Anas acuta,927024278,2007-03-19 03:16:03.000,40.944,141.335,f,northern pintail,https://en.wikipedia.org/wiki/Northern_pintail
127065,127065,927032850,Anas acuta,927024278,2007-03-19 03:51:20.000,40.95,141.248,f,northern pintail,https://en.wikipedia.org/wiki/Northern_pintail
127066,127066,927032850,Anas acuta,927024278,2007-03-19 05:31:40.000,40.965,141.347,f,northern pintail,https://en.wikipedia.org/wiki/Northern_pintail
127067,127067,927032850,Anas acuta,927024278,2007-03-20 05:47:47.000,40.979,141.379,f,northern pintail,https://en.wikipedia.org/wiki/Northern_pintail
127068,127068,927032850,Anas acuta,927024278,2007-03-20 06:20:56.000,40.98,141.42600000000004,f,northern pintail,https://en.wikipedia.org/wiki/Northern_pintail
127069,127069,927032850,Anas acuta,927024278,2007-03-20 08:03:04.000,40.955999999999996,141.369,f,northern pintail,https://en.wikipedia.org/wiki/Northern_pintail
127070,127070,927032850,Anas acuta,927024278,2007-03-20 10:11:32.000,40.938,141.371,f,northern pintail,https://en.wikipedia.org/wiki/Northern_pintail
127071,127071,927032850,Anas acuta,927024278,2007-03-20 11:50:12.000,40.964,141.372,f,northern pintail,https://en.wikipedia.org/wiki/Northern_pintail
127072,127072,927032850,Anas acuta,927024278,2007-03-20 13:29:22.000,40.979,141.28799999999995,f,northern pintail,https://en.wikipedia.org/wiki/Northern_pintail
127073,127073,927032850,Anas acuta,927024278,2007-03-21 15:20:01.000,40.929,141.37,f,northern pintail,https://en.wikipedia.org/wiki/Northern_pintail
127074,127074,927032850,Anas acuta,927024278,2007-03-21 17:01:01.000,40.968,141.369,f,northern pintail,https://en.wikipedia.org/wiki/Northern_pintail
127075,127075,927032850,Anas acuta,927024278,2007-03-21 17:32:08.000,40.954,141.41899999999995,f,northern pintail,https://en.wikipedia.org/wiki/Northern_pintail
127076,127076,927032850,Anas acuta,927024278,2007-03-21 19:14:59.000,40.971000000000004,141.341,f,northern pintail,https://en.wikipedia.org/wiki/Northern_pintail
127077,127077,927032850,Anas acuta,927024278,2007-03-21 19:21:31.000,40.96100000000001,141.374,f,northern pintail,https://en.wikipedia.org/wiki/Northern_pintail
127078,127078,927032850,Anas acuta,927024278,2007-03-21 19:52:41.000,40.939,141.409,f,northern pintail,https://en.wikipedia.org/wiki/Northern_pintail
127079,127079,927032850,Anas acuta,927024278,2007-03-21 21:32:29.000,40.977,141.319,f,northern pintail,https://en.wikipedia.org/wiki/Northern_pintail
127080,127080,927032850,Anas acuta,927024278,2007-03-21 23:43:49.000,40.96,141.365,f,northern pintail,https://en.wikipedia.org/wiki/Northern_pintail
127081,127081,927032850,Anas acuta,927024278,2007-03-22 23:20:23.000,40.958,141.378,f,northern pintail,https://en.wikipedia.org/wiki/Northern_pintail
127082,127082,927032850,Anas acuta,927024278,2007-03-23 01:03:52.000,40.961999999999996,141.39,f,northern pintail,https://en.wikipedia.org/wiki/Northern_pintail
127083,127083,927032850,Anas acuta,927024278,2007-03-23 02:34:20.000,40.983000000000004,141.381,f,northern pintail,https://en.wikipedia.org/wiki/Northern_pintail
127084,127084,927032850,Anas acuta,927024278,2007-03-23 04:44:51.000,40.937,141.344,f,northern pintail,https://en.wikipedia.org/wiki/Northern_pintail
127085,127085,927032850,Anas acuta,927024278,2007-03-23 06:26:09.000,40.96100000000001,141.433,f,northern pintail,https://en.wikipedia.org/wiki/Northern_pintail
127086,127086,927032850,Anas acuta,927024278,2007-03-23 06:47:32.000,40.94,141.321,f,northern pintail,https://en.wikipedia.org/wiki/Northern_pintail
127087,127087,927032850,Anas acuta,927024278,2007-03-23 08:28:42.000,40.908,141.387,f,northern pintail,https://en.wikipedia.org/wiki/Northern_pintail
127088,127088,927032850,Anas acuta,927024278,2007-03-24 08:06:58.000,40.964,141.376,f,northern pintail,https://en.wikipedia.org/wiki/Northern_pintail
127089,127089,927032850,Anas acuta,927024278,2007-03-24 10:18:50.000,40.915,141.394,f,northern pintail,https://en.wikipedia.org/wiki/Northern_pintail
127090,127090,927032850,Anas acuta,927024278,2007-03-24 10:36:23.000,40.961999999999996,141.381,f,northern pintail,https://en.wikipedia.org/wiki/Northern_pintail
127091,127091,927032850,Anas acuta,927024278,2007-03-24 11:56:51.000,40.96,141.375,f,northern pintail,https://en.wikipedia.org/wiki/Northern_pintail
127092,127092,927032850,Anas acuta,927024278,2007-03-24 14:46:57.000,40.967,141.374,f,northern pintail,https://en.wikipedia.org/wiki/Northern_pintail
127093,127093,927032850,Anas acuta,927024278,2007-03-24 16:27:59.000,40.961999999999996,141.36700000000005,f,northern pintail,https://en.wikipedia.org/wiki/Northern_pintail
127094,127094,927032850,Anas acuta,927024278,2007-03-24 16:56:12.000,40.953,141.366,f,northern pintail,https://en.wikipedia.org/wiki/Northern_pintail
127095,127095,927032850,Anas acuta,927024278,2007-03-25 18:29:52.000,40.948,141.376,f,northern pintail,https://en.wikipedia.org/wiki/Northern_pintail
127096,127096,927032850,Anas acuta,927024278,2007-03-25 19:21:45.000,40.96100000000001,141.37,f,northern pintail,https://en.wikipedia.org/wiki/Northern_pintail
127097,127097,927032850,Anas acuta,927024278,2007-03-25 19:58:54.000,40.965,141.371,f,northern pintail,https://en.wikipedia.org/wiki/Northern_pintail
127098,127098,927032850,Anas acuta,927024278,2007-03-25 20:07:01.000,40.951,141.374,f,northern pintail,https://en.wikipedia.org/wiki/Northern_pintail
127099,127099,927032850,Anas acuta,927024278,2007-03-25 21:00:10.000,40.97,141.38,f,northern pintail,https://en.wikipedia.org/wiki/Northern_pintail
127100,127100,927032850,Anas acuta,927024278,2007-03-25 23:51:40.000,40.872,141.371,f,northern pintail,https://en.wikipedia.org/wiki/Northern_pintail
127101,127101,927032850,Anas acuta,927024278,2007-03-27 01:11:49.000,41.157,140.695,f,northern pintail,https://en.wikipedia.org/wiki/Northern_pintail
127102,127102,927032850,Anas acuta,927024278,2007-03-27 01:55:22.000,40.975,141.34,f,northern pintail,https://en.wikipedia.org/wiki/Northern_pintail
127103,127103,927032850,Anas acuta,927024278,2007-03-27 03:34:25.000,40.819,141.053,f,northern pintail,https://en.wikipedia.org/wiki/Northern_pintail
127104,127104,927032850,Anas acuta,927024278,2007-03-27 04:00:06.000,40.92,141.403,f,northern pintail,https://en.wikipedia.org/wiki/Northern_pintail
127105,127105,927032850,Anas acuta,927024278,2007-03-27 05:14:29.000,40.828,141.321,f,northern pintail,https://en.wikipedia.org/wiki/Northern_pintail
127106,127106,927032850,Anas acuta,927024278,2007-03-27 05:40:10.000,40.953,141.35299999999995,f,northern pintail,https://en.wikipedia.org/wiki/Northern_pintail
127107,127107,927032850,Anas acuta,927024278,2007-03-27 06:52:52.000,40.959,141.389,f,northern pintail,https://en.wikipedia.org/wiki/Northern_pintail
127108,127108,927032850,Anas acuta,927024278,2007-03-27 07:57:02.000,40.936,141.22,f,northern pintail,https://en.wikipedia.org/wiki/Northern_pintail
127109,127109,927032850,Anas acuta,927024278,2007-03-27 09:57:36.000,40.927,141.369,f,northern pintail,https://en.wikipedia.org/wiki/Northern_pintail
127110,127110,927032850,Anas acuta,927024278,2007-03-28 10:26:15.000,40.798,141.313,f,northern pintail,https://en.wikipedia.org/wiki/Northern_pintail
127111,127111,927032850,Anas acuta,927024278,2007-03-28 15:45:48.000,40.957,141.375,f,northern pintail,https://en.wikipedia.org/wiki/Northern_pintail
127112,127112,927032850,Anas acuta,927024278,2007-03-28 17:29:01.000,40.954,141.381,f,northern pintail,https://en.wikipedia.org/wiki/Northern_pintail
127113,127113,927032850,Anas acuta,927024278,2007-03-28 17:51:11.000,40.957,141.377,f,northern pintail,https://en.wikipedia.org/wiki/Northern_pintail
127114,127114,927032850,Anas acuta,927024278,2007-03-29 17:20:58.000,40.942,141.511,f,northern pintail,https://en.wikipedia.org/wiki/Northern_pintail
127115,127115,927032850,Anas acuta,927024278,2007-03-29 17:39:31.000,40.961999999999996,141.378,f,northern pintail,https://en.wikipedia.org/wiki/Northern_pintail
127116,127116,927032850,Anas acuta,927024278,2007-03-29 18:21:48.000,40.967,141.364,f,northern pintail,https://en.wikipedia.org/wiki/Northern_pintail
127117,127117,927032850,Anas acuta,927024278,2007-03-29 19:23:10.000,40.935,141.362,f,northern pintail,https://en.wikipedia.org/wiki/Northern_pintail
127118,127118,927032850,Anas acuta,927024278,2007-03-29 20:03:24.000,40.96,141.357,f,northern pintail,https://en.wikipedia.org/wiki/Northern_pintail
127119,127119,927032850,Anas acuta,927024278,2007-03-29 23:32:14.000,40.971000000000004,141.393,f,northern pintail,https://en.wikipedia.org/wiki/Northern_pintail
127120,127120,927032850,Anas acuta,927024278,2007-03-29 23:59:44.000,40.942,141.344,f,northern pintail,https://en.wikipedia.org/wiki/Northern_pintail
127121,127121,927032850,Anas acuta,927024278,2007-03-30 01:13:35.000,40.961999999999996,141.38299999999995,f,northern pintail,https://en.wikipedia.org/wiki/Northern_pintail
127122,127122,927032850,Anas acuta,927024278,2007-03-30 01:25:48.000,41.067,141.405,f,northern pintail,https://en.wikipedia.org/wiki/Northern_pintail
127123,127123,927032850,Anas acuta,927024278,2007-03-30 01:39:54.000,40.955999999999996,141.364,f,northern pintail,https://en.wikipedia.org/wiki/Northern_pintail
127124,127124,927032850,Anas acuta,927024278,2007-03-31 02:52:59.000,40.965,141.381,f,northern pintail,https://en.wikipedia.org/wiki/Northern_pintail
127125,127125,927032850,Anas acuta,927024278,2007-03-31 04:51:58.000,40.959,141.364,f,northern pintail,https://en.wikipedia.org/wiki/Northern_pintail
127126,127126,927032850,Anas acuta,927024278,2007-03-31 05:20:54.000,41.02,141.39700000000005,f,northern pintail,https://en.wikipedia.org/wiki/Northern_pintail
127127,127127,927032850,Anas acuta,927024278,2007-03-31 06:16:55.000,40.946,141.364,f,northern pintail,https://en.wikipedia.org/wiki/Northern_pintail
127128,127128,927032850,Anas acuta,927024278,2007-03-31 06:36:22.000,40.958,141.356,f,northern pintail,https://en.wikipedia.org/wiki/Northern_pintail
127129,127129,927032850,Anas acuta,927024278,2007-03-31 06:57:26.000,40.946,141.382,f,northern pintail,https://en.wikipedia.org/wiki/Northern_pintail
127130,127130,927032850,Anas acuta,927024278,2007-03-31 07:57:55.000,40.955,141.376,f,northern pintail,https://en.wikipedia.org/wiki/Northern_pintail
127131,127131,927032850,Anas acuta,927024278,2007-03-31 10:45:31.000,40.97,141.379,f,northern pintail,https://en.wikipedia.org/wiki/Northern_pintail
127132,127132,927032850,Anas acuta,927024278,2007-03-31 10:55:38.000,40.975,141.355,f,northern pintail,https://en.wikipedia.org/wiki/Northern_pintail
127133,127133,927032850,Anas acuta,927024278,2007-04-01 10:32:43.000,40.975,141.362,f,northern pintail,https://en.wikipedia.org/wiki/Northern_pintail
127134,127134,927032850,Anas acuta,927024278,2007-04-01 10:33:39.000,40.959,141.374,f,northern pintail,https://en.wikipedia.org/wiki/Northern_pintail
127135,127135,927032850,Anas acuta,927024278,2007-04-01 12:13:19.000,40.937,141.273,f,northern pintail,https://en.wikipedia.org/wiki/Northern_pintail
127136,127136,927032850,Anas acuta,927024278,2007-04-01 12:14:16.000,40.939,141.321,f,northern pintail,https://en.wikipedia.org/wiki/Northern_pintail
127137,127137,927032850,Anas acuta,927024278,2007-04-01 15:06:21.000,40.966,141.364,f,northern pintail,https://en.wikipedia.org/wiki/Northern_pintail
127138,127138,927032850,Anas acuta,927024278,2007-04-01 18:50:55.000,40.955,141.376,f,northern pintail,https://en.wikipedia.org/wiki/Northern_pintail
127139,127139,927032850,Anas acuta,927024278,2007-04-02 18:27:14.000,40.988,141.357,f,northern pintail,https://en.wikipedia.org/wiki/Northern_pintail
127140,127140,927032850,Anas acuta,927024278,2007-04-02 18:33:51.000,40.944,141.391,f,northern pintail,https://en.wikipedia.org/wiki/Northern_pintail
127141,127141,927032850,Anas acuta,927024278,2007-04-02 19:24:08.000,40.959,141.366,f,northern pintail,https://en.wikipedia.org/wiki/Northern_pintail
127142,127142,927032850,Anas acuta,927024278,2007-04-02 20:07:01.000,40.961999999999996,141.317,f,northern pintail,https://en.wikipedia.org/wiki/Northern_pintail
127143,127143,927032850,Anas acuta,927024278,2007-04-02 20:13:13.000,40.954,141.365,f,northern pintail,https://en.wikipedia.org/wiki/Northern_pintail
127144,127144,927032850,Anas acuta,927024278,2007-04-02 21:02:48.000,41.022,141.27,f,northern pintail,https://en.wikipedia.org/wiki/Northern_pintail
127145,127145,927032850,Anas acuta,927024278,2007-04-03 00:10:56.000,40.982,141.299,f,northern pintail,https://en.wikipedia.org/wiki/Northern_pintail
127146,127146,927032850,Anas acuta,927024278,2007-04-03 00:23:30.000,40.967,141.398,f,northern pintail,https://en.wikipedia.org/wiki/Northern_pintail
127147,127147,927032850,Anas acuta,927024278,2007-04-03 01:49:50.000,40.949,141.369,f,northern pintail,https://en.wikipedia.org/wiki/Northern_pintail
127148,127148,927032850,Anas acuta,927024278,2007-04-03 02:23:47.000,40.95,141.364,f,northern pintail,https://en.wikipedia.org/wiki/Northern_pintail
127149,127149,927032850,Anas acuta,927024278,2007-04-04 03:51:45.000,40.967,141.39700000000005,f,northern pintail,https://en.wikipedia.org/wiki/Northern_pintail
127150,127150,927032850,Anas acuta,927024278,2007-04-04 04:05:37.000,40.931,141.335,f,northern pintail,https://en.wikipedia.org/wiki/Northern_pintail
127151,127151,927032850,Anas acuta,927024278,2007-04-04 05:23:51.000,40.836,141.35,f,northern pintail,https://en.wikipedia.org/wiki/Northern_pintail
127152,127152,927032850,Anas acuta,927024278,2007-04-04 06:18:02.000,40.977,141.355,f,northern pintail,https://en.wikipedia.org/wiki/Northern_pintail
127153,127153,927032850,Anas acuta,927024278,2007-04-04 07:02:55.000,40.968999999999994,141.363,f,northern pintail,https://en.wikipedia.org/wiki/Northern_pintail
127154,127154,927032850,Anas acuta,927024278,2007-04-04 09:54:03.000,41.187,141.39,f,northern pintail,https://en.wikipedia.org/wiki/Northern_pintail
127155,127155,927032850,Anas acuta,927024278,2007-04-04 11:04:54.000,41.097,141.395,f,northern pintail,https://en.wikipedia.org/wiki/Northern_pintail
127156,127156,927032850,Anas acuta,927024278,2007-04-04 12:45:33.000,40.958,141.375,f,northern pintail,https://en.wikipedia.org/wiki/Northern_pintail
127157,127157,927032850,Anas acuta,927024278,2007-04-05 16:06:27.000,40.968999999999994,141.365,f,northern pintail,https://en.wikipedia.org/wiki/Northern_pintail
127158,127158,927032850,Anas acuta,927024278,2007-04-05 17:45:20.000,40.958,141.366,f,northern pintail,https://en.wikipedia.org/wiki/Northern_pintail
127159,127159,927032850,Anas acuta,927024278,2007-04-05 17:57:26.000,40.955,141.376,f,northern pintail,https://en.wikipedia.org/wiki/Northern_pintail
127160,127160,927032850,Anas acuta,927024278,2007-04-05 18:54:50.000,40.983999999999995,141.385,f,northern pintail,https://en.wikipedia.org/wiki/Northern_pintail
127161,127161,927032850,Anas acuta,927024278,2007-04-05 19:38:02.000,40.985,141.358,f,northern pintail,https://en.wikipedia.org/wiki/Northern_pintail
127162,127162,927032850,Anas acuta,927024278,2007-04-05 20:35:09.000,40.983999999999995,141.333,f,northern pintail,https://en.wikipedia.org/wiki/Northern_pintail
127163,127163,927032850,Anas acuta,927024278,2007-04-06 23:31:38.000,40.56800000000001,140.388,f,northern pintail,https://en.wikipedia.org/wiki/Northern_pintail
127164,127164,927032850,Anas acuta,927024278,2007-04-07 00:14:26.000,40.961999999999996,141.325,f,northern pintail,https://en.wikipedia.org/wiki/Northern_pintail
127165,127165,927032850,Anas acuta,927024278,2007-04-07 01:42:45.000,40.95,141.39600000000004,f,northern pintail,https://en.wikipedia.org/wiki/Northern_pintail
127166,127166,927032850,Anas acuta,927024278,2007-04-07 01:56:05.000,40.967,141.363,f,northern pintail,https://en.wikipedia.org/wiki/Northern_pintail
127167,127167,927032850,Anas acuta,927024278,2007-04-07 03:20:37.000,40.959,141.372,f,northern pintail,https://en.wikipedia.org/wiki/Northern_pintail
127168,127168,927032850,Anas acuta,927024278,2007-04-07 05:13:48.000,40.96,141.368,f,northern pintail,https://en.wikipedia.org/wiki/Northern_pintail
127169,127169,927032850,Anas acuta,927024278,2007-04-08 07:08:38.000,40.959,141.373,f,northern pintail,https://en.wikipedia.org/wiki/Northern_pintail
127170,127170,927032850,Anas acuta,927024278,2007-04-08 08:01:01.000,40.961999999999996,141.391,f,northern pintail,https://en.wikipedia.org/wiki/Northern_pintail
127171,127171,927032850,Anas acuta,927024278,2007-04-08 08:48:14.000,40.953,141.41299999999995,f,northern pintail,https://en.wikipedia.org/wiki/Northern_pintail
127172,127172,927032850,Anas acuta,927024278,2007-04-08 11:09:05.000,41.364,141.165,f,northern pintail,https://en.wikipedia.org/wiki/Northern_pintail
127173,127173,927032850,Anas acuta,927024278,2007-04-08 12:55:18.000,42.23,140.994,f,northern pintail,https://en.wikipedia.org/wiki/Northern_pintail
127174,127174,927032850,Anas acuta,927024278,2007-04-09 15:23:05.000,43.17,140.755,f,northern pintail,https://en.wikipedia.org/wiki/Northern_pintail
127175,127175,927032850,Anas acuta,927024278,2007-04-09 17:05:20.000,43.169,140.792,f,northern pintail,https://en.wikipedia.org/wiki/Northern_pintail
127176,127176,927032850,Anas acuta,927024278,2007-04-09 17:07:14.000,43.168,140.903,f,northern pintail,https://en.wikipedia.org/wiki/Northern_pintail
127177,127177,927032850,Anas acuta,927024278,2007-04-09 18:54:22.000,43.06,141.122,f,northern pintail,https://en.wikipedia.org/wiki/Northern_pintail
127178,127178,927032850,Anas acuta,927024278,2007-04-09 19:00:02.000,43.168,140.72799999999998,f,northern pintail,https://en.wikipedia.org/wiki/Northern_pintail
127179,127179,927032850,Anas acuta,927024278,2007-04-09 19:52:05.000,43.187,140.736,f,northern pintail,https://en.wikipedia.org/wiki/Northern_pintail
127180,127180,927032850,Anas acuta,927024278,2007-04-09 20:40:02.000,43.17100000000001,140.786,f,northern pintail,https://en.wikipedia.org/wiki/Northern_pintail
127181,127181,927032850,Anas acuta,927024278,2007-04-11 00:24:46.000,43.104,140.805,f,northern pintail,https://en.wikipedia.org/wiki/Northern_pintail
127182,127182,927032850,Anas acuta,927024278,2007-04-11 04:20:55.000,43.162,140.781,f,northern pintail,https://en.wikipedia.org/wiki/Northern_pintail
127183,127183,927032850,Anas acuta,927024278,2007-04-11 04:25:40.000,43.137,140.795,f,northern pintail,https://en.wikipedia.org/wiki/Northern_pintail
127184,127184,927032850,Anas acuta,927024278,2007-04-11 05:05:37.000,43.192,140.725,f,northern pintail,https://en.wikipedia.org/wiki/Northern_pintail
127185,127185,927032850,Anas acuta,927024278,2007-04-11 05:58:25.000,43.17100000000001,140.784,f,northern pintail,https://en.wikipedia.org/wiki/Northern_pintail
127186,127186,927032850,Anas acuta,927024278,2007-04-11 06:05:17.000,43.181999999999995,140.859,f,northern pintail,https://en.wikipedia.org/wiki/Northern_pintail
127187,127187,927032850,Anas acuta,927024278,2007-04-11 07:38:03.000,43.153,140.803,f,northern pintail,https://en.wikipedia.org/wiki/Northern_pintail
127188,127188,927032850,Anas acuta,927024278,2007-04-12 07:13:49.000,43.152,140.751,f,northern pintail,https://en.wikipedia.org/wiki/Northern_pintail
127189,127189,927032850,Anas acuta,927024278,2007-04-12 11:20:42.000,43.082,140.714,f,northern pintail,https://en.wikipedia.org/wiki/Northern_pintail
127190,127190,927032850,Anas acuta,927024278,2007-04-12 13:02:07.000,43.097,140.709,f,northern pintail,https://en.wikipedia.org/wiki/Northern_pintail
127191,127191,927032850,Anas acuta,927024278,2007-04-13 16:20:45.000,43.088,140.71200000000002,f,northern pintail,https://en.wikipedia.org/wiki/Northern_pintail
127192,127192,927032850,Anas acuta,927024278,2007-04-13 18:05:30.000,43.071999999999996,140.709,f,northern pintail,https://en.wikipedia.org/wiki/Northern_pintail
127193,127193,927032850,Anas acuta,927024278,2007-04-13 19:04:03.000,43.07,140.704,f,northern pintail,https://en.wikipedia.org/wiki/Northern_pintail
127194,127194,927032850,Anas acuta,927024278,2007-04-13 19:45:09.000,43.163999999999994,140.81799999999996,f,northern pintail,https://en.wikipedia.org/wiki/Northern_pintail
127195,127195,927032850,Anas acuta,927024278,2007-04-13 20:45:58.000,43.052,140.878,f,northern pintail,https://en.wikipedia.org/wiki/Northern_pintail
127196,127196,927032850,Anas acuta,927024278,2007-04-13 23:12:46.000,43.202,140.75799999999995,f,northern pintail,https://en.wikipedia.org/wiki/Northern_pintail
127197,127197,927032850,Anas acuta,927024278,2007-04-13 23:39:24.000,43.162,140.775,f,northern pintail,https://en.wikipedia.org/wiki/Northern_pintail
127198,127198,927032850,Anas acuta,927024278,2007-04-14 23:25:48.000,43.183,140.799,f,northern pintail,https://en.wikipedia.org/wiki/Northern_pintail
127199,127199,927032850,Anas acuta,927024278,2007-04-15 02:00:00.000,43.214,140.826,f,northern pintail,https://en.wikipedia.org/wiki/Northern_pintail
127200,127200,927032850,Anas acuta,927024278,2007-04-15 02:12:16.000,43.205,140.803,f,northern pintail,https://en.wikipedia.org/wiki/Northern_pintail
127201,127201,927032850,Anas acuta,927024278,2007-04-15 03:39:37.000,43.323,141.507,f,northern pintail,https://en.wikipedia.org/wiki/Northern_pintail
127202,127202,927032850,Anas acuta,927024278,2007-04-15 03:41:02.000,43.019,141.113,f,northern pintail,https://en.wikipedia.org/wiki/Northern_pintail
127203,127203,927032850,Anas acuta,927024278,2007-04-15 05:07:45.000,43.245,140.779,f,northern pintail,https://en.wikipedia.org/wiki/Northern_pintail
127204,127204,927032850,Anas acuta,927024278,2007-04-15 05:19:27.000,43.192,140.806,f,northern pintail,https://en.wikipedia.org/wiki/Northern_pintail
127205,127205,927032850,Anas acuta,927024278,2007-04-15 06:02:06.000,43.203,140.819,f,northern pintail,https://en.wikipedia.org/wiki/Northern_pintail
127206,127206,927032850,Anas acuta,927024278,2007-04-15 06:48:10.000,43.181999999999995,140.80200000000005,f,northern pintail,https://en.wikipedia.org/wiki/Northern_pintail
127207,127207,927032850,Anas acuta,927024278,2007-04-15 07:01:54.000,43.218,140.782,f,northern pintail,https://en.wikipedia.org/wiki/Northern_pintail
127208,127208,927032850,Anas acuta,927024278,2007-04-15 07:43:21.000,43.193999999999996,140.77700000000004,f,northern pintail,https://en.wikipedia.org/wiki/Northern_pintail
127209,127209,927032850,Anas acuta,927024278,2007-04-16 06:50:49.000,43.208,140.80100000000004,f,northern pintail,https://en.wikipedia.org/wiki/Northern_pintail
127210,127210,927032850,Anas acuta,927024278,2007-04-16 07:17:39.000,43.008,140.155,f,northern pintail,https://en.wikipedia.org/wiki/Northern_pintail
127211,127211,927032850,Anas acuta,927024278,2007-04-16 08:03:02.000,43.188,140.822,f,northern pintail,https://en.wikipedia.org/wiki/Northern_pintail
127212,127212,927032850,Anas acuta,927024278,2007-04-16 08:58:27.000,43.198,140.813,f,northern pintail,https://en.wikipedia.org/wiki/Northern_pintail
127213,127213,927032850,Anas acuta,927024278,2007-04-16 09:50:07.000,43.056999999999995,140.9,f,northern pintail,https://en.wikipedia.org/wiki/Northern_pintail
127214,127214,927032850,Anas acuta,927024278,2007-04-16 10:39:42.000,43.01600000000001,140.721,f,northern pintail,https://en.wikipedia.org/wiki/Northern_pintail
127215,127215,927032850,Anas acuta,927024278,2007-04-16 11:26:18.000,43.085,140.701,f,northern pintail,https://en.wikipedia.org/wiki/Northern_pintail
127216,127216,927032850,Anas acuta,927024278,2007-04-16 12:21:18.000,43.062,140.548,f,northern pintail,https://en.wikipedia.org/wiki/Northern_pintail
127217,127217,927032850,Anas acuta,927024278,2007-04-16 13:12:58.000,43.016999999999996,140.88299999999995,f,northern pintail,https://en.wikipedia.org/wiki/Northern_pintail
127218,127218,927032850,Anas acuta,927024278,2007-04-16 15:52:02.000,43.1,140.69899999999998,f,northern pintail,https://en.wikipedia.org/wiki/Northern_pintail
127219,127219,927032850,Anas acuta,927024278,2007-04-17 15:41:21.000,43.098,140.718,f,northern pintail,https://en.wikipedia.org/wiki/Northern_pintail
127220,127220,927032850,Anas acuta,927024278,2007-04-17 17:17:15.000,43.11,140.726,f,northern pintail,https://en.wikipedia.org/wiki/Northern_pintail
127221,127221,927032850,Anas acuta,927024278,2007-04-17 17:23:45.000,43.098,140.713,f,northern pintail,https://en.wikipedia.org/wiki/Northern_pintail
127222,127222,927032850,Anas acuta,927024278,2007-04-17 18:58:23.000,43.083,141.12,f,northern pintail,https://en.wikipedia.org/wiki/Northern_pintail
127223,127223,927032850,Anas acuta,927024278,2007-04-17 19:10:27.000,43.18899999999999,140.769,f,northern pintail,https://en.wikipedia.org/wiki/Northern_pintail
127224,127224,927032850,Anas acuta,927024278,2007-04-17 19:52:28.000,43.172,140.804,f,northern pintail,https://en.wikipedia.org/wiki/Northern_pintail
127225,127225,927032850,Anas acuta,927024278,2007-04-17 20:50:10.000,43.174,140.77,f,northern pintail,https://en.wikipedia.org/wiki/Northern_pintail
127226,127226,927032850,Anas acuta,927024278,2007-04-19 02:57:39.000,43.172,140.77700000000004,f,northern pintail,https://en.wikipedia.org/wiki/Northern_pintail
127227,127227,927032850,Anas acuta,927024278,2007-04-19 04:32:31.000,43.144,140.77,f,northern pintail,https://en.wikipedia.org/wiki/Northern_pintail
127228,127228,927032850,Anas acuta,927024278,2007-04-19 06:05:24.000,43.18600000000001,140.793,f,northern pintail,https://en.wikipedia.org/wiki/Northern_pintail
127229,127229,927032850,Anas acuta,927024278,2007-04-19 06:11:37.000,43.175,140.714,f,northern pintail,https://en.wikipedia.org/wiki/Northern_pintail
127230,127230,927032850,Anas acuta,927024278,2007-04-19 06:50:01.000,43.17,140.79,f,northern pintail,https://en.wikipedia.org/wiki/Northern_pintail
127231,127231,927032850,Anas acuta,927024278,2007-04-19 07:51:20.000,43.173,140.804,f,northern pintail,https://en.wikipedia.org/wiki/Northern_pintail
127232,127232,927032850,Anas acuta,927024278,2007-04-19 08:29:40.000,43.162,140.77,f,northern pintail,https://en.wikipedia.org/wiki/Northern_pintail
127233,127233,927032850,Anas acuta,927024278,2007-04-20 11:35:27.000,43.098,140.755,f,northern pintail,https://en.wikipedia.org/wiki/Northern_pintail
127234,127234,927032850,Anas acuta,927024278,2007-04-20 13:18:00.000,43.08600000000001,140.716,f,northern pintail,https://en.wikipedia.org/wiki/Northern_pintail
127235,127235,927032850,Anas acuta,927024278,2007-04-20 15:09:19.000,43.097,140.70600000000002,f,northern pintail,https://en.wikipedia.org/wiki/Northern_pintail
127236,127236,927032850,Anas acuta,927024278,2007-04-21 16:43:04.000,43.093,140.689,f,northern pintail,https://en.wikipedia.org/wiki/Northern_pintail
127237,127237,927032850,Anas acuta,927024278,2007-04-21 18:11:12.000,43.099,140.709,f,northern pintail,https://en.wikipedia.org/wiki/Northern_pintail
127238,127238,927032850,Anas acuta,927024278,2007-04-21 19:15:12.000,43.083999999999996,140.709,f,northern pintail,https://en.wikipedia.org/wiki/Northern_pintail
127239,127239,927032850,Anas acuta,927024278,2007-04-21 19:56:00.000,43.091,140.707,f,northern pintail,https://en.wikipedia.org/wiki/Northern_pintail
127240,127240,927032850,Anas acuta,927024278,2007-04-21 23:27:53.000,43.153999999999996,140.804,f,northern pintail,https://en.wikipedia.org/wiki/Northern_pintail
127241,127241,927032850,Anas acuta,927024278,2007-04-21 23:36:07.000,43.157,140.747,f,northern pintail,https://en.wikipedia.org/wiki/Northern_pintail
127242,127242,927032850,Anas acuta,927024278,2007-04-23 01:04:50.000,43.24800000000001,140.029,f,northern pintail,https://en.wikipedia.org/wiki/Northern_pintail
127243,127243,927032850,Anas acuta,927024278,2007-04-23 02:17:09.000,43.12300000000001,140.72,f,northern pintail,https://en.wikipedia.org/wiki/Northern_pintail
127244,127244,927032850,Anas acuta,927024278,2007-04-23 03:47:10.000,43.195,140.696,f,northern pintail,https://en.wikipedia.org/wiki/Northern_pintail
127245,127245,927032850,Anas acuta,927024278,2007-04-23 03:59:51.000,43.106,140.684,f,northern pintail,https://en.wikipedia.org/wiki/Northern_pintail
127246,127246,927032850,Anas acuta,927024278,2007-04-23 05:24:19.000,43.091,140.707,f,northern pintail,https://en.wikipedia.org/wiki/Northern_pintail
127247,127247,927032850,Anas acuta,927024278,2007-04-23 10:27:45.000,43.032,140.718,f,northern pintail,https://en.wikipedia.org/wiki/Northern_pintail
127248,127248,927032850,Anas acuta,927024278,2007-04-24 10:05:35.000,43.151,140.876,f,northern pintail,https://en.wikipedia.org/wiki/Northern_pintail
127249,127249,927032850,Anas acuta,927024278,2007-04-24 10:35:33.000,43.095,140.719,f,northern pintail,https://en.wikipedia.org/wiki/Northern_pintail
127250,127250,927032850,Anas acuta,927024278,2007-04-24 11:43:21.000,43.378,141.03,f,northern pintail,https://en.wikipedia.org/wiki/Northern_pintail
127251,127251,927032850,Anas acuta,927024278,2007-04-24 16:10:15.000,44.06100000000001,141.888,f,northern pintail,https://en.wikipedia.org/wiki/Northern_pintail
127252,127252,927032850,Anas acuta,927024278,2007-04-24 17:36:03.000,44.06399999999999,141.908,f,northern pintail,https://en.wikipedia.org/wiki/Northern_pintail
127253,127253,927032850,Anas acuta,927024278,2007-04-24 18:34:53.000,44.083999999999996,141.841,f,northern pintail,https://en.wikipedia.org/wiki/Northern_pintail
127254,127254,927032850,Anas acuta,927024278,2007-04-25 19:05:57.000,44.047,141.987,f,northern pintail,https://en.wikipedia.org/wiki/Northern_pintail
127255,127255,927032850,Anas acuta,927024278,2007-04-25 19:18:49.000,44.06100000000001,141.892,f,northern pintail,https://en.wikipedia.org/wiki/Northern_pintail
127256,127256,927032850,Anas acuta,927024278,2007-04-25 19:53:40.000,44.048,141.822,f,northern pintail,https://en.wikipedia.org/wiki/Northern_pintail
127257,127257,927032850,Anas acuta,927024278,2007-04-25 20:59:14.000,44.022,141.907,f,northern pintail,https://en.wikipedia.org/wiki/Northern_pintail
127258,127258,927032850,Anas acuta,927024278,2007-04-25 23:34:45.000,44.076,141.937,f,northern pintail,https://en.wikipedia.org/wiki/Northern_pintail
127259,127259,927032850,Anas acuta,927024278,2007-04-26 01:48:59.000,44.076,141.838,f,northern pintail,https://en.wikipedia.org/wiki/Northern_pintail
127260,127260,927032850,Anas acuta,927024278,2007-04-27 01:38:44.000,44.047,141.899,f,northern pintail,https://en.wikipedia.org/wiki/Northern_pintail
127261,127261,927032850,Anas acuta,927024278,2007-04-27 04:40:56.000,44.047,141.874,f,northern pintail,https://en.wikipedia.org/wiki/Northern_pintail
127262,127262,927032850,Anas acuta,927024278,2007-04-27 05:11:35.000,44.125,141.77700000000004,f,northern pintail,https://en.wikipedia.org/wiki/Northern_pintail
127263,127263,927032850,Anas acuta,927024278,2007-04-27 06:16:25.000,44.058,141.876,f,northern pintail,https://en.wikipedia.org/wiki/Northern_pintail
127264,127264,927032850,Anas acuta,927024278,2007-04-27 06:23:38.000,44.047,141.885,f,northern pintail,https://en.wikipedia.org/wiki/Northern_pintail
127265,127265,927032850,Anas acuta,927024278,2007-04-27 06:52:10.000,44.06,141.944,f,northern pintail,https://en.wikipedia.org/wiki/Northern_pintail
127266,127266,927032850,Anas acuta,927024278,2007-04-27 10:35:48.000,44.065,141.89,f,northern pintail,https://en.wikipedia.org/wiki/Northern_pintail
127267,127267,927032850,Anas acuta,927024278,2007-04-28 10:14:06.000,44.06100000000001,141.89,f,northern pintail,https://en.wikipedia.org/wiki/Northern_pintail
127268,127268,927032850,Anas acuta,927024278,2007-04-28 11:52:01.000,44.058,141.903,f,northern pintail,https://en.wikipedia.org/wiki/Northern_pintail
127269,127269,927032850,Anas acuta,927024278,2007-04-28 13:06:11.000,43.985,141.836,f,northern pintail,https://en.wikipedia.org/wiki/Northern_pintail
127270,127270,927032850,Anas acuta,927024278,2007-04-28 15:28:44.000,44.055,141.881,f,northern pintail,https://en.wikipedia.org/wiki/Northern_pintail
127271,127271,927032850,Anas acuta,927024278,2007-04-28 17:05:43.000,43.601000000000006,142.608,f,northern pintail,https://en.wikipedia.org/wiki/Northern_pintail
127272,127272,927032850,Anas acuta,927024278,2007-04-29 18:17:44.000,43.998999999999995,141.849,f,northern pintail,https://en.wikipedia.org/wiki/Northern_pintail
127273,127273,927032850,Anas acuta,927024278,2007-04-29 19:21:13.000,44.077,141.957,f,northern pintail,https://en.wikipedia.org/wiki/Northern_pintail
127274,127274,927032850,Anas acuta,927024278,2007-04-29 19:59:23.000,44.096000000000004,141.875,f,northern pintail,https://en.wikipedia.org/wiki/Northern_pintail
127275,127275,927032850,Anas acuta,927024278,2007-04-29 21:34:30.000,44.073,141.917,f,northern pintail,https://en.wikipedia.org/wiki/Northern_pintail
127276,127276,927032850,Anas acuta,927024278,2007-04-30 02:45:14.000,44.113,142.024,f,northern pintail,https://en.wikipedia.org/wiki/Northern_pintail
127277,127277,927032850,Anas acuta,927024278,2007-05-01 02:37:33.000,44.06800000000001,141.921,f,northern pintail,https://en.wikipedia.org/wiki/Northern_pintail
127278,127278,927032850,Anas acuta,927024278,2007-05-01 03:55:02.000,44.081,141.887,f,northern pintail,https://en.wikipedia.org/wiki/Northern_pintail
127279,127279,927032850,Anas acuta,927024278,2007-05-01 05:13:19.000,44.051,141.918,f,northern pintail,https://en.wikipedia.org/wiki/Northern_pintail
127280,127280,927032850,Anas acuta,927024278,2007-05-01 05:37:23.000,44.067,141.906,f,northern pintail,https://en.wikipedia.org/wiki/Northern_pintail
127281,127281,927032850,Anas acuta,927024278,2007-05-01 06:21:20.000,44.071999999999996,141.915,f,northern pintail,https://en.wikipedia.org/wiki/Northern_pintail
127282,127282,927032850,Anas acuta,927024278,2007-05-01 08:02:46.000,44.07,141.91899999999995,f,northern pintail,https://en.wikipedia.org/wiki/Northern_pintail
127283,127283,927032850,Anas acuta,927024278,2007-05-01 08:32:08.000,44.06800000000001,141.917,f,northern pintail,https://en.wikipedia.org/wiki/Northern_pintail
127284,127284,927032850,Anas acuta,927024278,2007-05-01 10:42:43.000,44.06399999999999,141.89600000000004,f,northern pintail,https://en.wikipedia.org/wiki/Northern_pintail
127285,127285,927032850,Anas acuta,927024278,2007-05-02 12:03:11.000,44.018,141.716,f,northern pintail,https://en.wikipedia.org/wiki/Northern_pintail
127286,127286,927032850,Anas acuta,927024278,2007-05-02 12:13:42.000,44.062,141.89600000000004,f,northern pintail,https://en.wikipedia.org/wiki/Northern_pintail
127287,127287,927032850,Anas acuta,927024278,2007-05-02 14:45:42.000,44.101000000000006,142.086,f,northern pintail,https://en.wikipedia.org/wiki/Northern_pintail
127288,127288,927032850,Anas acuta,927024278,2007-05-02 16:26:48.000,44.062,141.89,f,northern pintail,https://en.wikipedia.org/wiki/Northern_pintail
127289,127289,927032850,Anas acuta,927024278,2007-05-02 17:42:45.000,44.06,141.889,f,northern pintail,https://en.wikipedia.org/wiki/Northern_pintail
127290,127290,927032850,Anas acuta,927024278,2007-05-02 18:39:16.000,44.047,141.889,f,northern pintail,https://en.wikipedia.org/wiki/Northern_pintail
127291,127291,927032850,Anas acuta,927024278,2007-05-02 19:23:48.000,44.074,141.923,f,northern pintail,https://en.wikipedia.org/wiki/Northern_pintail
127292,127292,927032850,Anas acuta,927024278,2007-05-02 19:52:40.000,44.076,141.966,f,northern pintail,https://en.wikipedia.org/wiki/Northern_pintail
127293,127293,927032850,Anas acuta,927024278,2007-05-03 19:11:24.000,44.083999999999996,141.925,f,northern pintail,https://en.wikipedia.org/wiki/Northern_pintail
127294,127294,927032850,Anas acuta,927024278,2007-05-03 19:27:00.000,44.101000000000006,141.952,f,northern pintail,https://en.wikipedia.org/wiki/Northern_pintail
127295,127295,927032850,Anas acuta,927024278,2007-05-03 21:06:56.000,44.071999999999996,141.882,f,northern pintail,https://en.wikipedia.org/wiki/Northern_pintail
127296,127296,927032850,Anas acuta,927024278,2007-05-03 23:50:14.000,44.07100000000001,141.886,f,northern pintail,https://en.wikipedia.org/wiki/Northern_pintail
127297,127297,927032850,Anas acuta,927024278,2007-05-04 00:19:25.000,44.078,141.906,f,northern pintail,https://en.wikipedia.org/wiki/Northern_pintail
127298,127298,927032850,Anas acuta,927024278,2007-05-04 01:31:32.000,44.068999999999996,141.934,f,northern pintail,https://en.wikipedia.org/wiki/Northern_pintail
127299,127299,927032850,Anas acuta,927024278,2007-05-04 02:04:17.000,44.08600000000001,141.994,f,northern pintail,https://en.wikipedia.org/wiki/Northern_pintail
127300,127300,927032850,Anas acuta,927024278,2007-05-04 03:47:02.000,44.056000000000004,141.862,f,northern pintail,https://en.wikipedia.org/wiki/Northern_pintail
127301,127301,927032850,Anas acuta,927024278,2007-05-05 03:08:03.000,47.023,145.265,f,northern pintail,https://en.wikipedia.org/wiki/Northern_pintail
127302,127302,927032850,Anas acuta,927024278,2007-05-05 03:38:31.000,47.042,145.082,f,northern pintail,https://en.wikipedia.org/wiki/Northern_pintail
127303,127303,927032850,Anas acuta,927024278,2007-05-05 04:48:31.000,47.42100000000001,145.763,f,northern pintail,https://en.wikipedia.org/wiki/Northern_pintail
127304,127304,927032850,Anas acuta,927024278,2007-05-05 04:48:31.000,47.479,145.762,f,northern pintail,https://en.wikipedia.org/wiki/Northern_pintail
127305,127305,927032850,Anas acuta,927024278,2007-05-05 05:15:07.000,47.468999999999994,146.026,f,northern pintail,https://en.wikipedia.org/wiki/Northern_pintail
127306,127306,927032850,Anas acuta,927024278,2007-05-05 06:27:24.000,47.66,146.894,f,northern pintail,https://en.wikipedia.org/wiki/Northern_pintail
127307,127307,927032850,Anas acuta,927024278,2007-05-05 06:31:38.000,47.67100000000001,147.202,f,northern pintail,https://en.wikipedia.org/wiki/Northern_pintail
127308,127308,927032850,Anas acuta,927024278,2007-05-05 08:16:43.000,48.108999999999995,147.96200000000005,f,northern pintail,https://en.wikipedia.org/wiki/Northern_pintail
127309,127309,927032850,Anas acuta,927024278,2007-05-05 09:13:43.000,48.20399999999999,148.931,f,northern pintail,https://en.wikipedia.org/wiki/Northern_pintail
127310,127310,927032850,Anas acuta,927024278,2007-05-05 09:56:37.000,48.273999999999994,149.214,f,northern pintail,https://en.wikipedia.org/wiki/Northern_pintail
127311,127311,927032850,Anas acuta,927024278,2007-05-05 10:51:25.000,48.458999999999996,149.67700000000005,f,northern pintail,https://en.wikipedia.org/wiki/Northern_pintail
127312,127312,927032850,Anas acuta,927024278,2007-05-06 12:14:11.000,56.191,155.778,f,northern pintail,https://en.wikipedia.org/wiki/Northern_pintail
127313,127313,927032850,Anas acuta,927024278,2007-05-06 13:58:57.000,56.191,155.799,f,northern pintail,https://en.wikipedia.org/wiki/Northern_pintail
127314,127314,927032850,Anas acuta,927024278,2007-05-06 15:42:05.000,56.18600000000001,155.745,f,northern pintail,https://en.wikipedia.org/wiki/Northern_pintail
127315,127315,927032850,Anas acuta,927024278,2007-05-06 16:51:30.000,56.163000000000004,155.747,f,northern pintail,https://en.wikipedia.org/wiki/Northern_pintail
127316,127316,927032850,Anas acuta,927024278,2007-05-06 17:22:36.000,56.167,155.754,f,northern pintail,https://en.wikipedia.org/wiki/Northern_pintail
127317,127317,927032850,Anas acuta,927024278,2007-05-06 18:13:22.000,56.167,155.744,f,northern pintail,https://en.wikipedia.org/wiki/Northern_pintail
127318,127318,927032850,Anas acuta,927024278,2007-05-06 20:09:47.000,56.144,155.791,f,northern pintail,https://en.wikipedia.org/wiki/Northern_pintail
127319,127319,927032850,Anas acuta,927024278,2007-05-07 21:06:53.000,56.273999999999994,155.972,f,northern pintail,https://en.wikipedia.org/wiki/Northern_pintail
127320,127320,927032850,Anas acuta,927024278,2007-05-07 21:39:17.000,56.25100000000001,155.97,f,northern pintail,https://en.wikipedia.org/wiki/Northern_pintail
127321,127321,927032850,Anas acuta,927024278,2007-05-07 22:14:06.000,56.26600000000001,155.966,f,northern pintail,https://en.wikipedia.org/wiki/Northern_pintail
127322,127322,927032850,Anas acuta,927024278,2007-05-07 22:45:45.000,56.208999999999996,156.102,f,northern pintail,https://en.wikipedia.org/wiki/Northern_pintail
127323,127323,927032850,Anas acuta,927024278,2007-05-07 23:25:38.000,56.275,155.953,f,northern pintail,https://en.wikipedia.org/wiki/Northern_pintail
127324,127324,927032850,Anas acuta,927024278,2007-05-07 23:46:48.000,56.273999999999994,155.968,f,northern pintail,https://en.wikipedia.org/wiki/Northern_pintail
127325,127325,927032850,Anas acuta,927024278,2007-05-07 23:55:09.000,56.28100000000001,155.965,f,northern pintail,https://en.wikipedia.org/wiki/Northern_pintail
127326,127326,927032850,Anas acuta,927024278,2007-05-08 00:55:39.000,56.3,155.894,f,northern pintail,https://en.wikipedia.org/wiki/Northern_pintail
127327,127327,927032850,Anas acuta,927024278,2007-05-08 01:26:22.000,56.276,155.974,f,northern pintail,https://en.wikipedia.org/wiki/Northern_pintail
127328,127328,927032850,Anas acuta,927024278,2007-05-08 01:34:31.000,56.275,155.965,f,northern pintail,https://en.wikipedia.org/wiki/Northern_pintail
127329,127329,927032850,Anas acuta,927024278,2007-05-08 02:23:52.000,56.278,155.965,f,northern pintail,https://en.wikipedia.org/wiki/Northern_pintail
127330,127330,927032850,Anas acuta,927024278,2007-05-08 02:33:20.000,56.312,155.99200000000005,f,northern pintail,https://en.wikipedia.org/wiki/Northern_pintail
127331,127331,927032850,Anas acuta,927024278,2007-05-08 03:09:54.000,56.291000000000004,155.958,f,northern pintail,https://en.wikipedia.org/wiki/Northern_pintail
127332,127332,927032850,Anas acuta,927024278,2007-05-08 03:11:35.000,56.32100000000001,155.865,f,northern pintail,https://en.wikipedia.org/wiki/Northern_pintail
127333,127333,927032850,Anas acuta,927024278,2007-05-08 03:40:01.000,56.28,155.941,f,northern pintail,https://en.wikipedia.org/wiki/Northern_pintail
127334,127334,927032850,Anas acuta,927024278,2007-05-08 04:03:00.000,56.277,155.93,f,northern pintail,https://en.wikipedia.org/wiki/Northern_pintail
127335,127335,927032850,Anas acuta,927024278,2007-05-08 04:15:46.000,56.275,155.977,f,northern pintail,https://en.wikipedia.org/wiki/Northern_pintail
127336,127336,927032850,Anas acuta,927024278,2007-05-08 05:17:33.000,56.273999999999994,155.961,f,northern pintail,https://en.wikipedia.org/wiki/Northern_pintail
127337,127337,927032850,Anas acuta,927024278,2007-05-08 05:42:15.000,56.273999999999994,155.97899999999996,f,northern pintail,https://en.wikipedia.org/wiki/Northern_pintail
127338,127338,927032850,Anas acuta,927024278,2007-05-08 05:57:25.000,56.276,155.959,f,northern pintail,https://en.wikipedia.org/wiki/Northern_pintail
127339,127339,927032850,Anas acuta,927024278,2007-05-09 05:46:00.000,56.275,155.941,f,northern pintail,https://en.wikipedia.org/wiki/Northern_pintail
127340,127340,927032850,Anas acuta,927024278,2007-05-09 06:34:24.000,56.278999999999996,155.95600000000005,f,northern pintail,https://en.wikipedia.org/wiki/Northern_pintail
127341,127341,927032850,Anas acuta,927024278,2007-05-09 06:58:08.000,56.299,155.94899999999996,f,northern pintail,https://en.wikipedia.org/wiki/Northern_pintail
127342,127342,927032850,Anas acuta,927024278,2007-05-09 07:25:01.000,56.233000000000004,155.984,f,northern pintail,https://en.wikipedia.org/wiki/Northern_pintail
127343,127343,927032850,Anas acuta,927024278,2007-05-09 07:43:35.000,56.287,156.014,f,northern pintail,https://en.wikipedia.org/wiki/Northern_pintail
127344,127344,927032850,Anas acuta,927024278,2007-05-09 09:05:18.000,56.273999999999994,155.921,f,northern pintail,https://en.wikipedia.org/wiki/Northern_pintail
127345,127345,927032850,Anas acuta,927024278,2007-05-09 09:22:19.000,56.275,155.965,f,northern pintail,https://en.wikipedia.org/wiki/Northern_pintail
127346,127346,927032850,Anas acuta,927024278,2007-05-09 11:01:19.000,56.236999999999995,155.673,f,northern pintail,https://en.wikipedia.org/wiki/Northern_pintail
127347,127347,927032850,Anas acuta,927024278,2007-05-09 13:28:39.000,56.286,155.996,f,northern pintail,https://en.wikipedia.org/wiki/Northern_pintail
127348,127348,927032850,Anas acuta,927024278,2007-05-09 15:08:13.000,56.294,155.968,f,northern pintail,https://en.wikipedia.org/wiki/Northern_pintail
127349,127349,927032850,Anas acuta,927024278,2007-05-10 15:01:35.000,56.291000000000004,155.968,f,northern pintail,https://en.wikipedia.org/wiki/Northern_pintail
127350,127350,927032850,Anas acuta,927024278,2007-05-10 16:03:36.000,56.233999999999995,156.092,f,northern pintail,https://en.wikipedia.org/wiki/Northern_pintail
127351,127351,927032850,Anas acuta,927024278,2007-05-10 16:40:54.000,56.269,155.974,f,northern pintail,https://en.wikipedia.org/wiki/Northern_pintail
127352,127352,927032850,Anas acuta,927024278,2007-05-10 17:43:38.000,56.278,155.93200000000004,f,northern pintail,https://en.wikipedia.org/wiki/Northern_pintail
127353,127353,927032850,Anas acuta,927024278,2007-05-10 18:15:24.000,56.269,155.938,f,northern pintail,https://en.wikipedia.org/wiki/Northern_pintail
127354,127354,927032850,Anas acuta,927024278,2007-05-10 18:18:15.000,56.25899999999999,155.96200000000005,f,northern pintail,https://en.wikipedia.org/wiki/Northern_pintail
127355,127355,927032850,Anas acuta,927024278,2007-05-10 18:40:32.000,56.278,155.951,f,northern pintail,https://en.wikipedia.org/wiki/Northern_pintail
127356,127356,927032850,Anas acuta,927024278,2007-05-10 19:26:29.000,56.293,155.879,f,northern pintail,https://en.wikipedia.org/wiki/Northern_pintail
127357,127357,927032850,Anas acuta,927024278,2007-05-10 19:55:50.000,56.27,155.965,f,northern pintail,https://en.wikipedia.org/wiki/Northern_pintail
127358,127358,927032850,Anas acuta,927024278,2007-05-10 20:19:17.000,56.214,156.061,f,northern pintail,https://en.wikipedia.org/wiki/Northern_pintail
127359,127359,927032850,Anas acuta,927024278,2007-05-10 21:02:56.000,56.348,155.683,f,northern pintail,https://en.wikipedia.org/wiki/Northern_pintail
127360,127360,927032850,Anas acuta,927024278,2007-05-10 21:33:13.000,56.292,155.844,f,northern pintail,https://en.wikipedia.org/wiki/Northern_pintail
127361,127361,927032850,Anas acuta,927024278,2007-05-10 22:45:26.000,56.265,156.006,f,northern pintail,https://en.wikipedia.org/wiki/Northern_pintail
127362,127362,927032850,Anas acuta,927024278,2007-05-10 23:13:06.000,56.268,155.946,f,northern pintail,https://en.wikipedia.org/wiki/Northern_pintail
127363,127363,927032850,Anas acuta,927024278,2007-05-10 23:16:28.000,56.312,155.909,f,northern pintail,https://en.wikipedia.org/wiki/Northern_pintail
127364,127364,927032850,Anas acuta,927024278,2007-05-11 22:48:51.000,56.293,155.944,f,northern pintail,https://en.wikipedia.org/wiki/Northern_pintail
127365,127365,927032850,Anas acuta,927024278,2007-05-11 23:05:08.000,56.268,155.939,f,northern pintail,https://en.wikipedia.org/wiki/Northern_pintail
127366,127366,927032850,Anas acuta,927024278,2007-05-12 00:00:46.000,56.218,156.083,f,northern pintail,https://en.wikipedia.org/wiki/Northern_pintail
127367,127367,927032850,Anas acuta,927024278,2007-05-12 00:13:13.000,56.276,155.812,f,northern pintail,https://en.wikipedia.org/wiki/Northern_pintail
127368,127368,927032850,Anas acuta,927024278,2007-05-12 00:45:32.000,56.26,155.92700000000005,f,northern pintail,https://en.wikipedia.org/wiki/Northern_pintail
127369,127369,927032850,Anas acuta,927024278,2007-05-12 01:40:43.000,56.272,155.881,f,northern pintail,https://en.wikipedia.org/wiki/Northern_pintail
127370,127370,927032850,Anas acuta,927024278,2007-05-12 01:48:44.000,56.223,155.914,f,northern pintail,https://en.wikipedia.org/wiki/Northern_pintail
127371,127371,927032850,Anas acuta,927024278,2007-05-12 01:51:59.000,56.266999999999996,155.93200000000004,f,northern pintail,https://en.wikipedia.org/wiki/Northern_pintail
127372,127372,927032850,Anas acuta,927024278,2007-05-12 02:24:38.000,56.278999999999996,155.93200000000004,f,northern pintail,https://en.wikipedia.org/wiki/Northern_pintail
127373,127373,927032850,Anas acuta,927024278,2007-05-12 02:25:43.000,56.269,156.011,f,northern pintail,https://en.wikipedia.org/wiki/Northern_pintail
127374,127374,927032850,Anas acuta,927024278,2007-05-12 03:19:25.000,56.278,155.673,f,northern pintail,https://en.wikipedia.org/wiki/Northern_pintail
127375,127375,927032850,Anas acuta,927024278,2007-05-12 03:29:45.000,56.284,155.93200000000004,f,northern pintail,https://en.wikipedia.org/wiki/Northern_pintail
127376,127376,927032850,Anas acuta,927024278,2007-05-12 03:42:14.000,56.236000000000004,155.916,f,northern pintail,https://en.wikipedia.org/wiki/Northern_pintail
127377,127377,927032850,Anas acuta,927024278,2007-05-12 04:04:28.000,56.277,155.95,f,northern pintail,https://en.wikipedia.org/wiki/Northern_pintail
127378,127378,927032850,Anas acuta,927024278,2007-05-12 05:06:33.000,56.261,156.023,f,northern pintail,https://en.wikipedia.org/wiki/Northern_pintail
127379,127379,927032850,Anas acuta,927024278,2007-05-12 05:23:04.000,56.26600000000001,155.93200000000004,f,northern pintail,https://en.wikipedia.org/wiki/Northern_pintail
127380,127380,927032850,Anas acuta,927024278,2007-05-12 05:44:11.000,56.26600000000001,155.909,f,northern pintail,https://en.wikipedia.org/wiki/Northern_pintail
127381,127381,927032850,Anas acuta,927024278,2007-05-12 07:04:23.000,56.265,155.929,f,northern pintail,https://en.wikipedia.org/wiki/Northern_pintail
127382,127382,927032850,Anas acuta,927024278,2007-05-12 07:23:43.000,56.232,155.84,f,northern pintail,https://en.wikipedia.org/wiki/Northern_pintail
127383,127383,927032850,Anas acuta,927024278,2007-05-12 08:12:57.000,56.373999999999995,155.9,f,northern pintail,https://en.wikipedia.org/wiki/Northern_pintail
127384,127384,927032850,Anas acuta,927024278,2007-05-12 08:25:13.000,56.253,156.034,f,northern pintail,https://en.wikipedia.org/wiki/Northern_pintail
127385,127385,927032850,Anas acuta,927024278,2007-05-13 07:49:34.000,56.271,155.947,f,northern pintail,https://en.wikipedia.org/wiki/Northern_pintail
127386,127386,927032850,Anas acuta,927024278,2007-05-13 08:13:43.000,56.26,155.914,f,northern pintail,https://en.wikipedia.org/wiki/Northern_pintail
127387,127387,927032850,Anas acuta,927024278,2007-05-13 09:29:29.000,56.263999999999996,155.95600000000005,f,northern pintail,https://en.wikipedia.org/wiki/Northern_pintail
127388,127388,927032850,Anas acuta,927024278,2007-05-13 09:54:21.000,56.28,155.993,f,northern pintail,https://en.wikipedia.org/wiki/Northern_pintail
127389,127389,927032850,Anas acuta,927024278,2007-05-13 11:11:32.000,56.254,155.971,f,northern pintail,https://en.wikipedia.org/wiki/Northern_pintail
127390,127390,927032850,Anas acuta,927024278,2007-05-13 11:37:11.000,56.245,155.781,f,northern pintail,https://en.wikipedia.org/wiki/Northern_pintail
127391,127391,927032850,Anas acuta,927024278,2007-05-13 14:28:05.000,56.265,155.923,f,northern pintail,https://en.wikipedia.org/wiki/Northern_pintail
127392,127392,927032850,Anas acuta,927024278,2007-05-13 16:07:36.000,56.122,156.74200000000005,f,northern pintail,https://en.wikipedia.org/wiki/Northern_pintail
127393,127393,927032850,Anas acuta,927024278,2007-05-13 17:03:04.000,56.207,155.974,f,northern pintail,https://en.wikipedia.org/wiki/Northern_pintail
127394,127394,927032850,Anas acuta,927024278,2007-05-14 15:57:32.000,56.398999999999994,155.486,f,northern pintail,https://en.wikipedia.org/wiki/Northern_pintail
127395,127395,927032850,Anas acuta,927024278,2007-05-14 16:58:15.000,56.262,155.908,f,northern pintail,https://en.wikipedia.org/wiki/Northern_pintail
127396,127396,927032850,Anas acuta,927024278,2007-05-14 17:37:44.000,56.26600000000001,155.863,f,northern pintail,https://en.wikipedia.org/wiki/Northern_pintail
127397,127397,927032850,Anas acuta,927024278,2007-05-14 18:19:34.000,56.251999999999995,155.933,f,northern pintail,https://en.wikipedia.org/wiki/Northern_pintail
127398,127398,927032850,Anas acuta,927024278,2007-05-14 18:39:40.000,56.31399999999999,155.623,f,northern pintail,https://en.wikipedia.org/wiki/Northern_pintail
127399,127399,927032850,Anas acuta,927024278,2007-05-14 19:18:14.000,56.256,155.925,f,northern pintail,https://en.wikipedia.org/wiki/Northern_pintail
127400,127400,927032850,Anas acuta,927024278,2007-05-14 19:59:39.000,56.271,155.906,f,northern pintail,https://en.wikipedia.org/wiki/Northern_pintail
127401,127401,927032850,Anas acuta,927024278,2007-05-14 20:16:52.000,56.261,155.958,f,northern pintail,https://en.wikipedia.org/wiki/Northern_pintail
127402,127402,927032850,Anas acuta,927024278,2007-05-14 21:38:29.000,56.269,155.959,f,northern pintail,https://en.wikipedia.org/wiki/Northern_pintail
127403,127403,927032850,Anas acuta,927024278,2007-05-14 22:53:07.000,56.275,155.917,f,northern pintail,https://en.wikipedia.org/wiki/Northern_pintail
127404,127404,927032850,Anas acuta,927024278,2007-05-14 23:34:26.000,56.277,155.951,f,northern pintail,https://en.wikipedia.org/wiki/Northern_pintail
127405,127405,927032850,Anas acuta,927024278,2007-05-15 00:14:03.000,56.26600000000001,155.929,f,northern pintail,https://en.wikipedia.org/wiki/Northern_pintail
127406,127406,927032850,Anas acuta,927024278,2007-05-15 00:32:37.000,56.284,155.888,f,northern pintail,https://en.wikipedia.org/wiki/Northern_pintail
127407,127407,927032850,Anas acuta,927024278,2007-05-16 01:01:47.000,56.263999999999996,155.918,f,northern pintail,https://en.wikipedia.org/wiki/Northern_pintail
127408,127408,927032850,Anas acuta,927024278,2007-05-16 01:02:15.000,56.288000000000004,155.961,f,northern pintail,https://en.wikipedia.org/wiki/Northern_pintail
127409,127409,927032850,Anas acuta,927024278,2007-05-16 01:45:25.000,56.277,155.94,f,northern pintail,https://en.wikipedia.org/wiki/Northern_pintail
127410,127410,927032850,Anas acuta,927024278,2007-05-16 01:47:37.000,56.256,155.993,f,northern pintail,https://en.wikipedia.org/wiki/Northern_pintail
127411,127411,927032850,Anas acuta,927024278,2007-05-16 02:26:11.000,56.245,155.959,f,northern pintail,https://en.wikipedia.org/wiki/Northern_pintail
127412,127412,927032850,Anas acuta,927024278,2007-05-16 02:41:13.000,56.26600000000001,155.935,f,northern pintail,https://en.wikipedia.org/wiki/Northern_pintail
127413,127413,927032850,Anas acuta,927024278,2007-05-16 03:25:26.000,56.272,155.941,f,northern pintail,https://en.wikipedia.org/wiki/Northern_pintail
127414,127414,927032850,Anas acuta,927024278,2007-05-16 03:48:09.000,56.269,155.92600000000004,f,northern pintail,https://en.wikipedia.org/wiki/Northern_pintail
127415,127415,927032850,Anas acuta,927024278,2007-05-16 04:05:12.000,56.276,155.931,f,northern pintail,https://en.wikipedia.org/wiki/Northern_pintail
127416,127416,927032850,Anas acuta,927024278,2007-05-16 04:20:52.000,56.256,155.85,f,northern pintail,https://en.wikipedia.org/wiki/Northern_pintail
127417,127417,927032850,Anas acuta,927024278,2007-05-16 05:26:42.000,56.262,155.969,f,northern pintail,https://en.wikipedia.org/wiki/Northern_pintail
127418,127418,927032850,Anas acuta,927024278,2007-05-16 05:45:12.000,56.26600000000001,155.91,f,northern pintail,https://en.wikipedia.org/wiki/Northern_pintail
127419,127419,927032850,Anas acuta,927024278,2007-05-16 07:09:00.000,56.265,155.93,f,northern pintail,https://en.wikipedia.org/wiki/Northern_pintail
127420,127420,927032850,Anas acuta,927024278,2007-05-16 07:22:51.000,56.28,155.912,f,northern pintail,https://en.wikipedia.org/wiki/Northern_pintail
127421,127421,927032850,Anas acuta,927024278,2007-05-16 07:34:01.000,56.313,155.819,f,northern pintail,https://en.wikipedia.org/wiki/Northern_pintail
127422,127422,927032850,Anas acuta,927024278,2007-05-16 08:20:48.000,56.292,155.937,f,northern pintail,https://en.wikipedia.org/wiki/Northern_pintail
127423,127423,927032850,Anas acuta,927024278,2007-05-16 09:15:46.000,56.273999999999994,155.904,f,northern pintail,https://en.wikipedia.org/wiki/Northern_pintail
127424,127424,927032850,Anas acuta,927024278,2007-05-16 10:01:44.000,56.287,155.947,f,northern pintail,https://en.wikipedia.org/wiki/Northern_pintail
127425,127425,927032850,Anas acuta,927024278,2007-05-17 09:04:07.000,56.3,156.039,f,northern pintail,https://en.wikipedia.org/wiki/Northern_pintail
127426,127426,927032850,Anas acuta,927024278,2007-05-17 09:38:07.000,56.268,155.924,f,northern pintail,https://en.wikipedia.org/wiki/Northern_pintail
127427,127427,927032850,Anas acuta,927024278,2007-05-17 11:16:38.000,56.265,155.923,f,northern pintail,https://en.wikipedia.org/wiki/Northern_pintail
127428,127428,927032850,Anas acuta,927024278,2007-05-17 13:47:44.000,56.247,155.937,f,northern pintail,https://en.wikipedia.org/wiki/Northern_pintail
127429,127429,927032850,Anas acuta,927024278,2007-05-17 15:28:48.000,56.263999999999996,155.942,f,northern pintail,https://en.wikipedia.org/wiki/Northern_pintail
127430,127430,927032850,Anas acuta,927024278,2007-05-17 16:22:41.000,56.266999999999996,155.89600000000004,f,northern pintail,https://en.wikipedia.org/wiki/Northern_pintail
127431,127431,927032850,Anas acuta,927024278,2007-05-17 17:08:06.000,56.269,155.941,f,northern pintail,https://en.wikipedia.org/wiki/Northern_pintail
127432,127432,927032850,Anas acuta,927024278,2007-05-17 17:08:34.000,56.286,155.917,f,northern pintail,https://en.wikipedia.org/wiki/Northern_pintail
127433,127433,927032850,Anas acuta,927024278,2007-05-17 17:23:49.000,56.278,155.951,f,northern pintail,https://en.wikipedia.org/wiki/Northern_pintail
127434,127434,927032850,Anas acuta,927024278,2007-05-17 18:01:21.000,56.247,155.967,f,northern pintail,https://en.wikipedia.org/wiki/Northern_pintail
127435,127435,927032850,Anas acuta,927024278,2007-05-18 17:51:53.000,56.266999999999996,155.928,f,northern pintail,https://en.wikipedia.org/wiki/Northern_pintail
127436,127436,927032850,Anas acuta,927024278,2007-05-18 18:27:00.000,56.253,155.938,f,northern pintail,https://en.wikipedia.org/wiki/Northern_pintail
127437,127437,927032850,Anas acuta,927024278,2007-05-18 18:37:28.000,56.25100000000001,155.94899999999996,f,northern pintail,https://en.wikipedia.org/wiki/Northern_pintail
127438,127438,927032850,Anas acuta,927024278,2007-05-18 18:42:13.000,56.27,155.924,f,northern pintail,https://en.wikipedia.org/wiki/Northern_pintail
127439,127439,927032850,Anas acuta,927024278,2007-05-18 20:06:06.000,56.256,155.94799999999995,f,northern pintail,https://en.wikipedia.org/wiki/Northern_pintail
127440,127440,927032850,Anas acuta,927024278,2007-05-18 21:42:00.000,56.24,155.977,f,northern pintail,https://en.wikipedia.org/wiki/Northern_pintail
127441,127441,927032850,Anas acuta,927024278,2007-05-18 21:56:03.000,56.261,155.938,f,northern pintail,https://en.wikipedia.org/wiki/Northern_pintail
127442,127442,927032850,Anas acuta,927024278,2007-05-18 22:40:03.000,56.25899999999999,155.937,f,northern pintail,https://en.wikipedia.org/wiki/Northern_pintail
127443,127443,927032850,Anas acuta,927024278,2007-05-18 22:51:18.000,56.323,155.967,f,northern pintail,https://en.wikipedia.org/wiki/Northern_pintail
127444,127444,927032850,Anas acuta,927024278,2007-05-18 22:59:42.000,56.256,155.924,f,northern pintail,https://en.wikipedia.org/wiki/Northern_pintail
127445,127445,927032850,Anas acuta,927024278,2007-05-18 23:32:02.000,56.196999999999996,155.964,f,northern pintail,https://en.wikipedia.org/wiki/Northern_pintail
127446,127446,927032850,Anas acuta,927024278,2007-05-19 01:12:29.000,56.26300000000001,155.936,f,northern pintail,https://en.wikipedia.org/wiki/Northern_pintail
127447,127447,927032850,Anas acuta,927024278,2007-05-19 02:07:15.000,56.24800000000001,155.912,f,northern pintail,https://en.wikipedia.org/wiki/Northern_pintail
127448,127448,927032850,Anas acuta,927024278,2007-05-19 02:17:30.000,56.25,156.014,f,northern pintail,https://en.wikipedia.org/wiki/Northern_pintail
127449,127449,927032850,Anas acuta,927024278,2007-05-20 01:54:23.000,57.015,156.736,f,northern pintail,https://en.wikipedia.org/wiki/Northern_pintail
127450,127450,927032850,Anas acuta,927024278,2007-05-20 01:54:52.000,57.045,156.685,f,northern pintail,https://en.wikipedia.org/wiki/Northern_pintail
127451,127451,927032850,Anas acuta,927024278,2007-05-20 02:13:40.000,57.092,156.776,f,northern pintail,https://en.wikipedia.org/wiki/Northern_pintail
127452,127452,927032850,Anas acuta,927024278,2007-05-20 02:43:36.000,57.045,156.673,f,northern pintail,https://en.wikipedia.org/wiki/Northern_pintail
127453,127453,927032850,Anas acuta,927024278,2007-05-20 03:27:30.000,57.044,156.781,f,northern pintail,https://en.wikipedia.org/wiki/Northern_pintail
127454,127454,927032850,Anas acuta,927024278,2007-05-20 03:34:17.000,57.056000000000004,156.69799999999995,f,northern pintail,https://en.wikipedia.org/wiki/Northern_pintail
127455,127455,927032850,Anas acuta,927024278,2007-05-20 03:53:07.000,57.036,156.631,f,northern pintail,https://en.wikipedia.org/wiki/Northern_pintail
127456,127456,927032850,Anas acuta,927024278,2007-05-20 04:06:02.000,57.038999999999994,156.679,f,northern pintail,https://en.wikipedia.org/wiki/Northern_pintail
127457,127457,927032850,Anas acuta,927024278,2007-05-20 05:19:47.000,56.978,156.959,f,northern pintail,https://en.wikipedia.org/wiki/Northern_pintail
127458,127458,927032850,Anas acuta,927024278,2007-05-20 05:32:13.000,57.037,156.673,f,northern pintail,https://en.wikipedia.org/wiki/Northern_pintail
127459,127459,927032850,Anas acuta,927024278,2007-05-20 05:48:54.000,57.2,157.061,f,northern pintail,https://en.wikipedia.org/wiki/Northern_pintail
127460,127460,927032850,Anas acuta,927024278,2007-05-20 08:22:11.000,57.06100000000001,156.649,f,northern pintail,https://en.wikipedia.org/wiki/Northern_pintail
127461,127461,927032850,Anas acuta,927024278,2007-05-20 08:28:43.000,57.093,156.71,f,northern pintail,https://en.wikipedia.org/wiki/Northern_pintail
127462,127462,927032850,Anas acuta,927024278,2007-05-20 10:08:28.000,57.043,156.694,f,northern pintail,https://en.wikipedia.org/wiki/Northern_pintail
127463,127463,927032850,Anas acuta,927024278,2007-05-21 11:24:08.000,57.044,156.685,f,northern pintail,https://en.wikipedia.org/wiki/Northern_pintail
127464,127464,927032850,Anas acuta,927024278,2007-05-21 13:05:49.000,57.037,156.68,f,northern pintail,https://en.wikipedia.org/wiki/Northern_pintail
127465,127465,927032850,Anas acuta,927024278,2007-05-21 14:46:58.000,57.045,156.695,f,northern pintail,https://en.wikipedia.org/wiki/Northern_pintail
127466,127466,927032850,Anas acuta,927024278,2007-05-21 15:34:35.000,57.001999999999995,156.713,f,northern pintail,https://en.wikipedia.org/wiki/Northern_pintail
127467,127467,927032850,Anas acuta,927024278,2007-05-21 16:27:24.000,57.04600000000001,156.691,f,northern pintail,https://en.wikipedia.org/wiki/Northern_pintail
127468,127468,927032850,Anas acuta,927024278,2007-05-21 17:13:47.000,56.99,156.862,f,northern pintail,https://en.wikipedia.org/wiki/Northern_pintail
127469,127469,927032850,Anas acuta,927024278,2007-05-21 17:17:09.000,57.067,156.653,f,northern pintail,https://en.wikipedia.org/wiki/Northern_pintail
127470,127470,927032850,Anas acuta,927024278,2007-05-21 17:25:53.000,56.854,156.518,f,northern pintail,https://en.wikipedia.org/wiki/Northern_pintail
127471,127471,927032850,Anas acuta,927024278,2007-05-21 18:05:24.000,57.052,156.705,f,northern pintail,https://en.wikipedia.org/wiki/Northern_pintail
127472,127472,927032850,Anas acuta,927024278,2007-05-21 18:54:11.000,57.011,156.684,f,northern pintail,https://en.wikipedia.org/wiki/Northern_pintail
127473,127473,927032850,Anas acuta,927024278,2007-05-21 18:54:41.000,57.047,156.636,f,northern pintail,https://en.wikipedia.org/wiki/Northern_pintail
127474,127474,927032850,Anas acuta,927024278,2007-05-21 19:08:09.000,57.045,156.692,f,northern pintail,https://en.wikipedia.org/wiki/Northern_pintail
127475,127475,927032850,Anas acuta,927024278,2007-05-22 18:42:20.000,57.05,156.668,f,northern pintail,https://en.wikipedia.org/wiki/Northern_pintail
127476,127476,927032850,Anas acuta,927024278,2007-05-22 18:42:47.000,57.066,156.582,f,northern pintail,https://en.wikipedia.org/wiki/Northern_pintail
127477,127477,927032850,Anas acuta,927024278,2007-05-22 19:35:21.000,57.108000000000004,156.566,f,northern pintail,https://en.wikipedia.org/wiki/Northern_pintail
127478,127478,927032850,Anas acuta,927024278,2007-05-22 20:07:35.000,57.45399999999999,155.634,f,northern pintail,https://en.wikipedia.org/wiki/Northern_pintail
127479,127479,927032850,Anas acuta,927024278,2007-05-22 20:23:03.000,57.056999999999995,156.599,f,northern pintail,https://en.wikipedia.org/wiki/Northern_pintail
127480,127480,927032850,Anas acuta,927024278,2007-05-22 21:47:29.000,57.041000000000004,156.578,f,northern pintail,https://en.wikipedia.org/wiki/Northern_pintail
127481,127481,927032850,Anas acuta,927024278,2007-05-22 22:54:09.000,57.036,156.627,f,northern pintail,https://en.wikipedia.org/wiki/Northern_pintail
127482,127482,927032850,Anas acuta,927024278,2007-05-22 23:09:03.000,57.023,156.668,f,northern pintail,https://en.wikipedia.org/wiki/Northern_pintail
127483,127483,927032850,Anas acuta,927024278,2007-05-22 23:30:43.000,57.027,156.66899999999995,f,northern pintail,https://en.wikipedia.org/wiki/Northern_pintail
127484,127484,927032850,Anas acuta,927024278,2007-05-22 23:41:52.000,57.016999999999996,156.649,f,northern pintail,https://en.wikipedia.org/wiki/Northern_pintail
127485,127485,927032850,Anas acuta,927024278,2007-05-23 00:33:24.000,57.027,156.644,f,northern pintail,https://en.wikipedia.org/wiki/Northern_pintail
127486,127486,927032850,Anas acuta,927024278,2007-05-23 00:48:43.000,57.035,156.648,f,northern pintail,https://en.wikipedia.org/wiki/Northern_pintail
127487,127487,927032850,Anas acuta,927024278,2007-05-23 01:21:26.000,57.038999999999994,156.629,f,northern pintail,https://en.wikipedia.org/wiki/Northern_pintail
127488,127488,927032850,Anas acuta,927024278,2007-05-23 02:11:46.000,56.986000000000004,156.42700000000005,f,northern pintail,https://en.wikipedia.org/wiki/Northern_pintail
127489,127489,927032850,Anas acuta,927024278,2007-05-23 02:25:39.000,56.97,156.785,f,northern pintail,https://en.wikipedia.org/wiki/Northern_pintail
127490,127490,927032850,Anas acuta,927024278,2007-05-23 02:42:45.000,57.063,156.628,f,northern pintail,https://en.wikipedia.org/wiki/Northern_pintail
127491,127491,927032850,Anas acuta,927024278,2007-05-23 02:51:17.000,57.003,156.664,f,northern pintail,https://en.wikipedia.org/wiki/Northern_pintail
127492,127492,927032850,Anas acuta,927024278,2007-05-23 02:59:51.000,57.027,156.644,f,northern pintail,https://en.wikipedia.org/wiki/Northern_pintail
127493,127493,927032850,Anas acuta,927024278,2007-05-23 04:21:19.000,57.027,156.668,f,northern pintail,https://en.wikipedia.org/wiki/Northern_pintail
127494,127494,927032850,Anas acuta,927024278,2007-05-23 04:33:04.000,57.019,156.63,f,northern pintail,https://en.wikipedia.org/wiki/Northern_pintail
127495,127495,927032850,Anas acuta,927024278,2007-05-24 04:08:21.000,57.01,156.582,f,northern pintail,https://en.wikipedia.org/wiki/Northern_pintail
127496,127496,927032850,Anas acuta,927024278,2007-05-24 05:36:16.000,57.028,156.674,f,northern pintail,https://en.wikipedia.org/wiki/Northern_pintail
127497,127497,927032850,Anas acuta,927024278,2007-05-24 07:17:49.000,57.001999999999995,156.653,f,northern pintail,https://en.wikipedia.org/wiki/Northern_pintail
127498,127498,927032850,Anas acuta,927024278,2007-05-24 07:28:33.000,57.023,156.458,f,northern pintail,https://en.wikipedia.org/wiki/Northern_pintail
127499,127499,927032850,Anas acuta,927024278,2007-05-24 08:35:53.000,57.027,156.67,f,northern pintail,https://en.wikipedia.org/wiki/Northern_pintail
127500,127500,927032850,Anas acuta,927024278,2007-05-24 10:18:11.000,57.082,156.705,f,northern pintail,https://en.wikipedia.org/wiki/Northern_pintail
127501,127501,927032850,Anas acuta,927024278,2007-05-24 11:58:18.000,57.218,156.554,f,northern pintail,https://en.wikipedia.org/wiki/Northern_pintail
127502,127502,927032850,Anas acuta,927024278,2007-05-25 14:02:55.000,57.349,157.153,f,northern pintail,https://en.wikipedia.org/wiki/Northern_pintail
127503,127503,927032850,Anas acuta,927024278,2007-05-25 14:45:59.000,57.69300000000001,157.8,f,northern pintail,https://en.wikipedia.org/wiki/Northern_pintail
127504,127504,927032850,Anas acuta,927024278,2007-05-25 15:42:35.000,58.29600000000001,157.032,f,northern pintail,https://en.wikipedia.org/wiki/Northern_pintail
127505,127505,927032850,Anas acuta,927024278,2007-05-25 16:29:00.000,58.03,157.036,f,northern pintail,https://en.wikipedia.org/wiki/Northern_pintail
127506,127506,927032850,Anas acuta,927024278,2007-05-25 17:18:09.000,57.835,156.995,f,northern pintail,https://en.wikipedia.org/wiki/Northern_pintail
127507,127507,927032850,Anas acuta,927024278,2007-05-25 17:23:48.000,57.849,156.953,f,northern pintail,https://en.wikipedia.org/wiki/Northern_pintail
127508,127508,927032850,Anas acuta,927024278,2007-05-25 17:24:44.000,57.816,156.984,f,northern pintail,https://en.wikipedia.org/wiki/Northern_pintail
127509,127509,927032850,Anas acuta,927024278,2007-05-25 18:07:25.000,57.24,160.671,f,northern pintail,https://en.wikipedia.org/wiki/Northern_pintail
127510,127510,927032850,Anas acuta,927024278,2007-05-25 18:55:48.000,57.853,156.998,f,northern pintail,https://en.wikipedia.org/wiki/Northern_pintail
127511,127511,927032850,Anas acuta,927024278,2007-05-25 19:03:53.000,57.882,156.97899999999996,f,northern pintail,https://en.wikipedia.org/wiki/Northern_pintail
127512,127512,927032850,Anas acuta,927024278,2007-05-25 19:08:31.000,57.847,157.221,f,northern pintail,https://en.wikipedia.org/wiki/Northern_pintail
127513,127513,927032850,Anas acuta,927024278,2007-05-25 19:48:06.000,58.285,157.166,f,northern pintail,https://en.wikipedia.org/wiki/Northern_pintail
127514,127514,927032850,Anas acuta,927024278,2007-05-25 20:37:24.000,58.619,157.762,f,northern pintail,https://en.wikipedia.org/wiki/Northern_pintail
127515,127515,927032850,Anas acuta,927024278,2007-05-25 20:42:10.000,58.69600000000001,157.903,f,northern pintail,https://en.wikipedia.org/wiki/Northern_pintail
127516,127516,927032850,Anas acuta,927024278,2007-05-25 21:26:19.000,58.581,159.016,f,northern pintail,https://en.wikipedia.org/wiki/Northern_pintail
127517,127517,927032850,Anas acuta,927024278,2007-05-25 21:57:46.000,58.681000000000004,159.261,f,northern pintail,https://en.wikipedia.org/wiki/Northern_pintail
127518,127518,927032850,Anas acuta,927024278,2007-05-25 22:14:40.000,58.918,159.173,f,northern pintail,https://en.wikipedia.org/wiki/Northern_pintail
